#Organism Name,Organism Groups,Size(Mb),Chromosomes,Organelles,Plasmids,Assemblies
Ambystoma mexicanum,Eukaryota;Animals;Amphibians,32396.4,20,0,0,2
Bufo gargarizans,Eukaryota;Animals;Amphibians,4545.47,11,0,0,1
Geotrypetes seraphini,Eukaryota;Animals;Amphibians,3779.43,19,1,0,2
Leptobrachium leishanense,Eukaryota;Animals;Amphibians,3549.06,13,0,0,1
Limnodynastes dumerilii,Eukaryota;Animals;Amphibians,2378.68,0,0,0,1
Lithobates catesbeianus,Eukaryota;Animals;Amphibians,6250.35,0,1,0,1
Microcaecilia unicolor,Eukaryota;Animals;Amphibians,4685.94,14,1,0,2
Nanorana parkeri,Eukaryota;Animals;Amphibians,2053.87,0,1,0,1
Oophaga pumilio,Eukaryota;Animals;Amphibians,3493.38,0,0,0,1
Pyxicephalus adspersus,Eukaryota;Animals;Amphibians,1563.37,14,0,0,1
Rana temporaria,Eukaryota;Animals;Amphibians,4282.72,0,0,0,1
Rhinatrema bivittatum,Eukaryota;Animals;Amphibians,5319.24,19,1,0,2
Scaphiopus couchii,Eukaryota;Animals;Amphibians,484.149,0,0,0,1
Scaphiopus holbrookii,Eukaryota;Animals;Amphibians,710.85,0,0,0,1
Spea bombifrons,Eukaryota;Animals;Amphibians,765.305,0,0,0,1
Spea multiplicata,Eukaryota;Animals;Amphibians,1075.97,0,0,0,1
Xenopus laevis,Eukaryota;Animals;Amphibians,2718.43,18,1,0,1
Xenopus tropicalis,Eukaryota;Animals;Amphibians,1451.3,10,1,0,2
Rhinella marina,Eukaryota;Animals;Amphibians,2551.76,0,0,0,1
Atrichornis clamosus,Eukaryota;Animals;Birds,1047.5,0,0,0,1
Crypturellus soui,Eukaryota;Animals;Birds,1043.36,0,0,0,1
Crypturellus undulatus,Eukaryota;Animals;Birds,1021.42,0,0,0,1
Furnarius figulus,Eukaryota;Animals;Birds,1020.01,0,0,0,1
Herpetotheres cachinnans,Eukaryota;Animals;Birds,1175.3,0,0,0,1
Neopipo cinnamomea,Eukaryota;Animals;Birds,1046.03,0,0,0,1
Nothocercus julius,Eukaryota;Animals;Birds,1019.4,0,0,0,1
Nothoprocta ornata,Eukaryota;Animals;Birds,978.286,0,0,0,1
Nothoprocta pentlandii,Eukaryota;Animals;Birds,984.657,0,0,0,1
Nothoprocta perdicaria,Eukaryota;Animals;Birds,965.904,0,0,0,1
Onychorhynchus coronatus,Eukaryota;Animals;Birds,1072.51,0,0,0,1
Pachyramphus minor,Eukaryota;Animals;Birds,1054.9,0,0,0,1
Pelecanoides urinatrix,Eukaryota;Animals;Birds,1205.48,0,0,0,1
Phainopepla nitens,Eukaryota;Animals;Birds,1027.44,0,0,0,1
Picathartes gymnocephalus,Eukaryota;Animals;Birds,1047,0,0,0,1
Podilymbus podiceps,Eukaryota;Animals;Birds,1197.11,0,0,0,1
Psilopogon haemacephalus,Eukaryota;Animals;Birds,1204.56,0,0,0,1
Sakesphorus luctuosus,Eukaryota;Animals;Birds,1080.15,0,0,0,1
Semnornis frantzii,Eukaryota;Animals;Birds,1068.13,0,0,0,1
Smithornis capensis,Eukaryota;Animals;Birds,1061.32,0,0,0,1
Tichodroma muraria,Eukaryota;Animals;Birds,910.68,0,0,0,1
Toxostoma redivivum,Eukaryota;Animals;Birds,1032.47,0,0,0,1
Acanthisitta chloris,Eukaryota;Animals;Birds,1035.88,0,0,0,1
Accipiter gentilis,Eukaryota;Animals;Birds,1179.25,0,0,0,1
Accipiter nisus,Eukaryota;Animals;Birds,1190.65,0,0,0,1
Acridotheres javanicus,Eukaryota;Animals;Birds,1051.58,0,0,0,1
Acrocephalus arundinaceus,Eukaryota;Animals;Birds,1184.25,0,0,0,1
Aegithalos caudatus,Eukaryota;Animals;Birds,1013.85,0,0,0,1
Aegotheles bennettii,Eukaryota;Animals;Birds,1089.12,0,0,0,1
Agapornis roseicollis,Eukaryota;Animals;Birds,1121.79,0,0,0,1
Agelaius phoeniceus,Eukaryota;Animals;Birds,1086.31,0,0,0,1
Alauda arvensis,Eukaryota;Animals;Birds,1028.66,0,0,0,1
Alaudala cheleensis,Eukaryota;Animals;Birds,1069.22,0,0,0,1
Alca torda,Eukaryota;Animals;Birds,1178.49,26,1,0,3
Alcedo cyanopectus,Eukaryota;Animals;Birds,1119.29,0,0,0,1
Aleadryas rufinucha,Eukaryota;Animals;Birds,1050.11,0,0,0,1
Alectura lathami,Eukaryota;Animals;Birds,1043.22,0,0,0,1
Alopecoenas beccarii,Eukaryota;Animals;Birds,1115.61,0,0,0,1
Amazona aestiva,Eukaryota;Animals;Birds,1129.54,0,0,0,1
Amazona collaria,Eukaryota;Animals;Birds,1258.72,0,0,0,1
Amazona guildingii,Eukaryota;Animals;Birds,1133.57,0,0,0,1
Amazona vittata,Eukaryota;Animals;Birds,1446.65,0,0,0,1
Anas platyrhynchos,Eukaryota;Animals;Birds,1188.53,33,1,0,7
Anas zonorhyncha,Eukaryota;Animals;Birds,1310.8,0,0,0,1
Anhinga anhinga,Eukaryota;Animals;Birds,1183.19,0,0,0,1
Anhinga rufa,Eukaryota;Animals;Birds,1014.09,0,0,0,1
Anodorhynchus hyacinthinus,Eukaryota;Animals;Birds,1119.46,0,0,0,1
Anomalopteryx didiformis,Eukaryota;Animals;Birds,1190.76,0,0,0,2
Anser brachyrhynchus,Eukaryota;Animals;Birds,1116.99,0,0,0,1
Anser cygnoides,Eukaryota;Animals;Birds,1119.15,0,1,0,3
Anser indicus,Eukaryota;Animals;Birds,1143.09,0,0,0,1
Anseranas semipalmata,Eukaryota;Animals;Birds,1131.43,0,0,0,1
Anthochaera phrygia,Eukaryota;Animals;Birds,815.188,0,0,0,1
Anthoscopus minutus,Eukaryota;Animals;Birds,978.849,0,0,0,1
Antigone vipio,Eukaryota;Animals;Birds,1181.56,0,0,0,1
Antrostomus carolinensis,Eukaryota;Animals;Birds,1119.68,0,0,0,1
Apaloderma vittatum,Eukaryota;Animals;Birds,1070.84,0,0,0,1
Aphelocoma coerulescens,Eukaryota;Animals;Birds,1060.86,0,0,0,1
Aptenodytes forsteri,Eukaryota;Animals;Birds,1254.35,0,0,0,1
Aptenodytes patagonicus,Eukaryota;Animals;Birds,1252.29,0,0,0,1
Apteryx haastii,Eukaryota;Animals;Birds,1221.44,0,0,0,1
Apteryx mantelli,Eukaryota;Animals;Birds,1523.97,0,0,0,1
Apteryx owenii,Eukaryota;Animals;Birds,1231.28,0,0,0,1
Apteryx rowi,Eukaryota;Animals;Birds,1228.9,0,0,0,1
Aquila chrysaetos,Eukaryota;Animals;Birds,1548.48,28,0,0,5
Ara ararauna,Eukaryota;Animals;Birds,1128.18,0,0,0,1
Ara chloropterus,Eukaryota;Animals;Birds,1117.85,0,0,0,1
Ara glaucogularis,Eukaryota;Animals;Birds,1139.7,0,0,0,2
Ara macao,Eukaryota;Animals;Birds,1204.7,0,1,0,2
Ara militaris,Eukaryota;Animals;Birds,1177.23,0,0,0,1
Aramus guarauna,Eukaryota;Animals;Birds,1170.51,0,0,0,1
Aratinga solstitialis,Eukaryota;Animals;Birds,1169.45,0,0,0,2
Aratinga weddellii,Eukaryota;Animals;Birds,1114.05,0,0,0,1
Ardeotis arabs,Eukaryota;Animals;Birds,1297.6,0,0,0,1
Ardeotis kori,Eukaryota;Animals;Birds,1150.49,0,0,0,1
Arenaria interpres,Eukaryota;Animals;Birds,1124.62,0,0,0,1
Asarcornis scutulata,Eukaryota;Animals;Birds,1117.98,0,0,0,1
Athene cunicularia,Eukaryota;Animals;Birds,1157.07,0,0,0,1
Atlantisia rogersi,Eukaryota;Animals;Birds,1168.39,0,0,0,1
Aythya fuligula,Eukaryota;Animals;Birds,1127,36,1,0,2
Balaeniceps rex,Eukaryota;Animals;Birds,1181.93,0,0,0,1
Balearica regulorum,Eukaryota;Animals;Birds,1127.62,0,1,0,3
Bambusicola thoracicus,Eukaryota;Animals;Birds,1032.3,0,0,0,1
Baryphthengus martii,Eukaryota;Animals;Birds,1100.88,0,0,0,1
Bombycilla garrulus,Eukaryota;Animals;Birds,1032.12,0,0,0,1
Brachypodius atriceps,Eukaryota;Animals;Birds,906.727,0,0,0,1
Brachypteracias leptosomus,Eukaryota;Animals;Birds,1125.91,0,0,0,1
Branta canadensis,Eukaryota;Animals;Birds,1153.39,0,0,0,1
Bubo blakistoni,Eukaryota;Animals;Birds,1193.86,0,0,0,1
Bubo bubo,Eukaryota;Animals;Birds,1258.07,0,0,0,1
Bucco capensis,Eukaryota;Animals;Birds,988.12,0,0,0,1
Buceros rhinoceros,Eukaryota;Animals;Birds,1065.78,0,0,0,1
Bucorvus abyssinicus,Eukaryota;Animals;Birds,1132.6,41,0,0,3
Buphagus erythrorhynchus,Eukaryota;Animals;Birds,1040.19,0,0,0,1
Burhinus bistriatus,Eukaryota;Animals;Birds,1208.59,0,0,0,1
Burhinus oedicnemus,Eukaryota;Animals;Birds,1228.11,0,0,0,1
Buteo japonicus,Eukaryota;Animals;Birds,1259.72,0,0,0,1
Cacatua leadbeateri,Eukaryota;Animals;Birds,1069.98,0,0,0,1
Cairina moschata,Eukaryota;Animals;Birds,1109.22,29,0,0,1
Calcarius ornatus,Eukaryota;Animals;Birds,1056.3,0,0,0,1
Calidris pugnax,Eukaryota;Animals;Birds,1229.09,0,0,0,2
Calidris pygmaea,Eukaryota;Animals;Birds,1178.37,0,0,0,1
Callaeas wilsoni,Eukaryota;Animals;Birds,1047.53,0,0,0,1
Callipepla squamata,Eukaryota;Animals;Birds,1045.28,0,0,0,1
Caloenas nicobarica,Eukaryota;Animals;Birds,1025.55,0,0,0,1
Calonectris borealis,Eukaryota;Animals;Birds,1166.07,0,0,0,1
Calypte anna,Eukaryota;Animals;Birds,1059.69,33,1,0,4
Calyptomena viridis,Eukaryota;Animals;Birds,1056.83,0,0,0,1
Camarhynchus parvulus,Eukaryota;Animals;Birds,1051.61,31,0,0,2
Campylorhamphus procurvoides,Eukaryota;Animals;Birds,1047.5,0,0,0,1
Cardinalis cardinalis,Eukaryota;Animals;Birds,1044.72,0,0,0,2
Cariama cristata,Eukaryota;Animals;Birds,1132.25,0,0,0,3
Casuarius casuarius,Eukaryota;Animals;Birds,1204.59,0,0,0,2
Cathartes aura,Eukaryota;Animals;Birds,1152.57,0,0,0,1
Catharus fuscescens,Eukaryota;Animals;Birds,1041.8,0,0,0,1
Catharus ustulatus,Eukaryota;Animals;Birds,1131.62,42,1,0,2
Centrocercus minimus,Eukaryota;Animals;Birds,1000.04,0,1,0,1
Centropus bengalensis,Eukaryota;Animals;Birds,1015.64,0,0,0,1
Centropus unirufus,Eukaryota;Animals;Birds,1048.84,0,0,0,1
Cephalopterus ornatus,Eukaryota;Animals;Birds,1061.56,0,0,0,1
Cepphus grylle,Eukaryota;Animals;Birds,1197.65,0,0,0,1
Cercotrichas coryphoeus,Eukaryota;Animals;Birds,1029.85,0,0,0,1
Certhia brachydactyla,Eukaryota;Animals;Birds,1028.79,0,0,0,1
Certhia familiaris,Eukaryota;Animals;Birds,1066.43,0,0,0,1
Cettia cetti,Eukaryota;Animals;Birds,1051.75,0,0,0,1
Ceuthmochares aereus,Eukaryota;Animals;Birds,1120.25,0,0,0,1
Chaetops frenatus,Eukaryota;Animals;Birds,1065.44,0,0,0,1
Chaetorhynchus papuensis,Eukaryota;Animals;Birds,1045.12,0,0,0,1
Chaetura pelagica,Eukaryota;Animals;Birds,1119.19,0,0,0,1
Charadrius alexandrinus,Eukaryota;Animals;Birds,1231.94,0,0,0,1
Charadrius vociferus,Eukaryota;Animals;Birds,1219.86,0,0,0,1
Chauna torquata,Eukaryota;Animals;Birds,1162.6,0,0,0,1
Chionis minor,Eukaryota;Animals;Birds,1174,0,0,0,1
Chiroxiphia lanceolata,Eukaryota;Animals;Birds,1089.63,35,0,0,2
Chlamydotis macqueenii,Eukaryota;Animals;Birds,1086.57,0,0,0,3
Chlamydotis undulata,Eukaryota;Animals;Birds,1167.17,0,0,0,1
Chloroceryle aenea,Eukaryota;Animals;Birds,1062.13,0,0,0,1
Chloropsis cyanopogon,Eukaryota;Animals;Birds,985.402,0,0,0,1
Chloropsis hardwickii,Eukaryota;Animals;Birds,1054.35,0,0,0,1
Chordeiles acutipennis,Eukaryota;Animals;Birds,1172.52,0,0,0,1
Chroicocephalus maculipennis,Eukaryota;Animals;Birds,1151.14,0,0,0,1
Chrysolophus pictus,Eukaryota;Animals;Birds,1023.99,0,0,0,1
Chunga burmeisteri,Eukaryota;Animals;Birds,1168.69,0,0,0,1
Ciccaba nigrolineata,Eukaryota;Animals;Birds,1188.09,0,0,0,1
Cicinnurus regius,Eukaryota;Animals;Birds,1059.54,0,0,0,1
Ciconia boyciana,Eukaryota;Animals;Birds,1364.95,0,0,0,1
Ciconia maguari,Eukaryota;Animals;Birds,1200.89,0,0,0,1
Cinclus mexicanus,Eukaryota;Animals;Birds,997,0,0,0,1
Circaetus pectoralis,Eukaryota;Animals;Birds,1183.44,0,0,0,1
Cisticola juncidis,Eukaryota;Animals;Birds,1016.62,0,0,0,1
Climacteris rufus,Eukaryota;Animals;Birds,1058.97,0,0,0,1
Cnemophilus loriae,Eukaryota;Animals;Birds,1043.49,0,0,0,1
Cochlearius cochlearius,Eukaryota;Animals;Birds,1173.74,0,0,0,1
Colaptes auratus,Eukaryota;Animals;Birds,1378.19,12,0,0,1
Colinus virginianus,Eukaryota;Animals;Birds,866.267,0,1,0,3
Colius striatus,Eukaryota;Animals;Birds,1075.93,0,0,0,1
Columba janthina,Eukaryota;Animals;Birds,1083.63,0,0,0,1
Columba livia,Eukaryota;Animals;Birds,1107.99,29,0,0,2
Columbina picui,Eukaryota;Animals;Birds,1097.92,0,0,0,1
Copsychus sechellarum,Eukaryota;Animals;Birds,1052.09,0,0,0,1
Corapipo altera,Eukaryota;Animals;Birds,1095.75,0,0,0,1
Corvus brachyrhynchos,Eukaryota;Animals;Birds,1091.31,0,0,0,1
Corvus cornix,Eukaryota;Animals;Birds,1050.11,0,0,0,2
Corvus hawaiiensis,Eukaryota;Animals;Birds,1497.61,0,0,0,1
Corvus macrorhynchos,Eukaryota;Animals;Birds,1018.44,0,0,0,1
Corvus monedula,Eukaryota;Animals;Birds,1035.86,29,0,0,1
Corvus moneduloides,Eukaryota;Animals;Birds,1112.73,36,1,0,4
Corythaeola cristata,Eukaryota;Animals;Birds,1091.06,0,0,0,1
Corythaixoides concolor,Eukaryota;Animals;Birds,1187.73,0,0,0,1
Coturnix japonica,Eukaryota;Animals;Birds,927.657,31,1,0,2
Crotophaga sulcirostris,Eukaryota;Animals;Birds,1077.96,0,0,0,1
Crypturellus cinnamomeus,Eukaryota;Animals;Birds,1122.05,0,0,0,1
Cuculus canorus,Eukaryota;Animals;Birds,1153.89,0,0,0,1
Cyanistes caeruleus,Eukaryota;Animals;Birds,1186.98,0,0,0,1
Cyanoderma ruficeps,Eukaryota;Animals;Birds,1041.45,0,0,0,1
Cygnus atratus,Eukaryota;Animals;Birds,1122.28,0,1,0,1
Cygnus cygnus,Eukaryota;Animals;Birds,1052.38,0,0,0,1
Cygnus olor,Eukaryota;Animals;Birds,1135.01,31,1,0,2
Daphoenositta chrysoptera,Eukaryota;Animals;Birds,1033.68,0,0,0,1
Dasyornis broadbenti,Eukaryota;Animals;Birds,1024.8,0,0,0,1
Dendrocopos noguchii,Eukaryota;Animals;Birds,1134.56,0,0,0,1
Dicaeum eximium,Eukaryota;Animals;Birds,1015.05,0,0,0,1
Dicrurus megarhynchus,Eukaryota;Animals;Birds,1051.52,0,0,0,1
Diphyllodes magnificus,Eukaryota;Animals;Birds,1065.98,0,0,0,1
Donacobius atricapilla,Eukaryota;Animals;Birds,1054.19,0,0,0,1
Dromaius novaehollandiae,Eukaryota;Animals;Birds,1192.25,0,1,0,3
Dromas ardeola,Eukaryota;Animals;Birds,1192.85,0,0,0,1
Drymodes brunneopygia,Eukaryota;Animals;Birds,1058.97,0,0,0,1
Dryoscopus gambensis,Eukaryota;Animals;Birds,992.742,0,0,0,1
Dyaphorophyia castanea,Eukaryota;Animals;Birds,1058.89,0,0,0,1
Eclectus roratus,Eukaryota;Animals;Birds,1101.37,0,0,0,1
Edolisoma coerulescens,Eukaryota;Animals;Birds,1042.45,0,0,0,1
Egretta garzetta,Eukaryota;Animals;Birds,1206.5,0,1,0,1
Emberiza fucata,Eukaryota;Animals;Birds,1032.58,0,0,0,1
Empidonax traillii,Eukaryota;Animals;Birds,1123.49,0,0,0,1
Eolophus roseicapillus,Eukaryota;Animals;Birds,1065.33,0,0,0,1
Eopsaltria australis,Eukaryota;Animals;Birds,1228.34,0,0,0,1
Eremophila alpestris,Eukaryota;Animals;Birds,1041.04,0,0,0,1
Erithacus rubecula,Eukaryota;Animals;Birds,1086.74,37,0,0,3
Erpornis zantholeuca,Eukaryota;Animals;Birds,1013.97,0,0,0,1
Erythrocercus mccallii,Eukaryota;Animals;Birds,1030.11,0,0,0,1
Erythrura gouldiae,Eukaryota;Animals;Birds,1070.79,0,0,0,1
Eubucco bourcierii,Eukaryota;Animals;Birds,1237.63,0,0,0,1
Eudromia elegans,Eukaryota;Animals;Birds,958.92,0,0,0,2
Eudyptes chrysocome,Eukaryota;Animals;Birds,1231.06,0,0,0,1
Eudyptes chrysolophus,Eukaryota;Animals;Birds,1365.7,0,0,0,1
Eudyptes filholi,Eukaryota;Animals;Birds,1223.98,0,0,0,1
Eudyptes moseleyi,Eukaryota;Animals;Birds,1301.65,0,0,0,1
Eudyptes pachyrhynchus,Eukaryota;Animals;Birds,1295.51,0,0,0,1
Eudyptes robustus,Eukaryota;Animals;Birds,1241.68,0,0,0,1
Eudyptes schlegeli,Eukaryota;Animals;Birds,1308.18,0,0,0,1
Eudyptes sclateri,Eukaryota;Animals;Birds,1211.4,0,0,0,1
Eudyptula albosignata,Eukaryota;Animals;Birds,1370.51,0,0,0,1
Eudyptula minor,Eukaryota;Animals;Birds,1462.62,0,0,0,1
Eudyptula novaehollandiae,Eukaryota;Animals;Birds,1353.67,0,0,0,1
Eulacestoma nigropectus,Eukaryota;Animals;Birds,1040.44,0,0,0,1
Eupsittula pertinax,Eukaryota;Animals;Birds,1171.65,0,0,0,1
Eurypyga helias,Eukaryota;Animals;Birds,1088.02,0,0,0,1
Eurystomus gularis,Eukaryota;Animals;Birds,1130.13,0,0,0,1
Falco cherrug,Eukaryota;Animals;Birds,1174.81,0,0,0,1
Falco peregrinus,Eukaryota;Animals;Birds,1171.97,0,1,0,3
Falco rusticolus,Eukaryota;Animals;Birds,1195.85,24,1,0,2
Falco tinnunculus,Eukaryota;Animals;Birds,1179.9,0,0,0,1
Falcunculus frontatus,Eukaryota;Animals;Birds,1042.69,0,0,0,1
Ficedula albicollis,Eukaryota;Animals;Birds,1118.34,33,1,0,2
Formicarius rufipectus,Eukaryota;Animals;Birds,1044.28,0,0,0,1
Fratercula cirrhata,Eukaryota;Animals;Birds,1105.96,0,0,0,1
Fregata magnificens,Eukaryota;Animals;Birds,1177.43,0,0,0,1
Fregetta grallaria,Eukaryota;Animals;Birds,1173.31,0,0,0,1
Fringilla coelebs,Eukaryota;Animals;Birds,907.373,20,0,0,1
Fulica atra,Eukaryota;Animals;Birds,1167.6,0,0,0,1
Fulmarus glacialis,Eukaryota;Animals;Birds,1141.4,0,0,0,1
Galbula dea,Eukaryota;Animals;Birds,1006.68,0,0,0,1
Gallirallus okinawae,Eukaryota;Animals;Birds,1114.53,0,0,0,1
Gallus gallus,Eukaryota;Animals;Birds,1065.37,34,1,0,2
Gavia stellata,Eukaryota;Animals;Birds,1129.69,0,1,0,1
Geococcyx californianus,Eukaryota;Animals;Birds,1134.04,0,0,0,1
Geospiza fortis,Eukaryota;Animals;Birds,1065.29,0,0,0,1
Geothlypis trichas,Eukaryota;Animals;Birds,1078.13,34,0,0,2
Glareola pratincola,Eukaryota;Animals;Birds,1172.99,0,0,0,1
Glaucidium brasilianum,Eukaryota;Animals;Birds,1170.14,0,0,0,1
Grallaria varia,Eukaryota;Animals;Birds,1056.03,0,0,0,1
Grantiella picta,Eukaryota;Animals;Birds,1014.52,0,0,0,1
Grus americana,Eukaryota;Animals;Birds,1155.48,0,0,0,1
Grus japonensis,Eukaryota;Animals;Birds,1265.63,0,0,0,1
Grus monacha,Eukaryota;Animals;Birds,1182.19,0,0,0,1
Grus nigricollis,Eukaryota;Animals;Birds,1230.91,0,0,0,1
Guaruba guarouba,Eukaryota;Animals;Birds,1151.55,0,0,0,1
Gymnorhina tibicen,Eukaryota;Animals;Birds,1052.26,0,0,0,1
Halcyon senegalensis,Eukaryota;Animals;Birds,1137.74,0,0,0,1
Haliaeetus albicilla,Eukaryota;Animals;Birds,1133.55,0,0,0,3
Haliaeetus leucocephalus,Eukaryota;Animals;Birds,1178.41,0,0,0,1
Haliaeetus pelagicus,Eukaryota;Animals;Birds,1175.97,0,0,0,1
Heliornis fulica,Eukaryota;Animals;Birds,1097.09,0,0,0,1
Hemignathus virens,Eukaryota;Animals;Birds,1086.51,0,0,0,1
Hemignathus wilsoni,Eukaryota;Animals;Birds,1032.5,0,0,0,1
Hemiprocne comata,Eukaryota;Animals;Birds,1141.2,0,0,0,1
Heteronetta atricapilla,Eukaryota;Animals;Birds,1151.88,34,1,0,1
Himantopus himantopus,Eukaryota;Animals;Birds,1116.81,0,0,0,2
Hippolais icterina,Eukaryota;Animals;Birds,1048.4,0,0,0,1
Hirundo rustica,Eukaryota;Animals;Birds,1104.07,39,0,0,4
Horornis vulcanius,Eukaryota;Animals;Birds,1223.57,0,0,0,1
Hydrobates tethys,Eukaryota;Animals;Birds,1189.01,0,0,0,1
Hylia prasina,Eukaryota;Animals;Birds,1029.03,0,0,0,1
Hypocryptadius cinnamomeus,Eukaryota;Animals;Birds,854.293,0,0,0,1
Ibidorhyncha struthersii,Eukaryota;Animals;Birds,1198.77,0,0,0,1
Ifrita kowaldi,Eukaryota;Animals;Birds,1041.5,0,0,0,1
Illadopsis cleaveri,Eukaryota;Animals;Birds,1054.2,0,0,0,1
Indicator maculatus,Eukaryota;Animals;Birds,1127.55,0,0,0,1
Irena cyanogastra,Eukaryota;Animals;Birds,1036.55,0,0,0,1
Jacana jacana,Eukaryota;Animals;Birds,1085.09,0,0,0,1
Junco hyemalis,Eukaryota;Animals;Birds,958.315,0,0,0,1
Lagopus muta,Eukaryota;Animals;Birds,1002.56,0,0,0,1
Lamprotornis superbus,Eukaryota;Animals;Birds,1067.63,0,0,0,1
Lanius ludovicianus,Eukaryota;Animals;Birds,1040.38,0,0,0,1
Larus smithsonianus,Eukaryota;Animals;Birds,1174.55,0,0,0,1
Leiothrix lutea,Eukaryota;Animals;Birds,1058.76,0,0,0,1
Lepidothrix coronata,Eukaryota;Animals;Birds,1079.58,0,0,0,1
Leptocoma aspasia,Eukaryota;Animals;Birds,1035.75,0,0,0,1
Leptosomus discolor,Eukaryota;Animals;Birds,1136.24,0,0,0,1
Leucopsar rothschildi,Eukaryota;Animals;Birds,1019.06,0,0,0,2
Lichenostomus cassidix,Eukaryota;Animals;Birds,1102.3,0,0,0,1
Limosa lapponica,Eukaryota;Animals;Birds,1034.77,0,0,0,1
Locustella ochotensis,Eukaryota;Animals;Birds,1039.56,0,0,0,1
Lonchura striata,Eukaryota;Animals;Birds,1060.27,31,1,0,2
Lophotis ruficrista,Eukaryota;Animals;Birds,1111.15,0,0,0,1
Lorius garrulus,Eukaryota;Animals;Birds,1091.73,0,0,0,1
Loxia curvirostra,Eukaryota;Animals;Birds,1028.27,0,0,0,1
Loxia leucoptera,Eukaryota;Animals;Birds,1027.81,0,0,0,1
Lycocorax pyrrhopterus,Eukaryota;Animals;Birds,1107.72,0,0,0,10
Lyrurus tetrix,Eukaryota;Animals;Birds,657.025,0,0,0,1
Machaerirhynchus nigripectus,Eukaryota;Animals;Birds,1044.54,0,0,0,1
Malurus cyaneus,Eukaryota;Animals;Birds,1078.89,25,1,0,1
Malurus elegans,Eukaryota;Animals;Birds,1013.6,0,0,0,1
Manacus vitellinus,Eukaryota;Animals;Birds,1072.33,0,0,0,2
Megadyptes antipodes,Eukaryota;Animals;Birds,1314.94,0,0,0,1
Melanerpes aurifrons,Eukaryota;Animals;Birds,1309.63,0,1,0,1
Melanocharis versteri,Eukaryota;Animals;Birds,1030.54,0,0,0,1
Meleagris gallopavo,Eukaryota;Animals;Birds,1115.47,32,1,0,1
Melopsittacus undulatus,Eukaryota;Animals;Birds,1171.62,32,1,0,4
Melospiza melodia,Eukaryota;Animals;Birds,1061.25,0,0,0,2
Menura novaehollandiae,Eukaryota;Animals;Birds,1060.48,0,0,0,1
Merops nubicus,Eukaryota;Animals;Birds,1062.96,0,0,0,3
Mesembrinibis cayennensis,Eukaryota;Animals;Birds,1196.18,0,0,0,1
Mesitornis unicolor,Eukaryota;Animals;Birds,1087.29,0,0,0,1
Mionectes macconnelli,Eukaryota;Animals;Birds,1042,0,0,0,1
Mixornis gularis,Eukaryota;Animals;Birds,1036.1,0,0,0,1
Mohoua ochrocephala,Eukaryota;Animals;Birds,1038.54,0,0,0,1
Molothrus ater,Eukaryota;Animals;Birds,1087.31,34,0,0,2
Motacilla alba,Eukaryota;Animals;Birds,1072.67,31,1,0,3
Myiagra hebetior,Eukaryota;Animals;Birds,1049.9,0,0,0,1
Myiopsitta monachus,Eukaryota;Animals;Birds,1118.82,0,0,0,1
Mystacornis crossleyi,Eukaryota;Animals;Birds,1116.8,0,0,0,1
Nannopterum auritus,Eukaryota;Animals;Birds,1246.05,0,0,0,1
Nannopterum brasilianus,Eukaryota;Animals;Birds,1346.19,0,0,0,1
Nannopterum harrisi,Eukaryota;Animals;Birds,1202.99,0,0,0,1
Neodrepanis coruscans,Eukaryota;Animals;Birds,1024.46,0,0,0,1
Neopelma chrysocephalum,Eukaryota;Animals;Birds,1142.8,0,0,0,1
Nesospiza acunhae,Eukaryota;Animals;Birds,1055.29,0,0,0,1
Nestor notabilis,Eukaryota;Animals;Birds,1053.56,0,0,0,1
Nettapus auritus,Eukaryota;Animals;Birds,1134.55,34,1,0,1
Nicator chloris,Eukaryota;Animals;Birds,1040.74,0,0,0,1
Nipponia nippon,Eukaryota;Animals;Birds,1223.86,0,1,0,1
Nisaetus nipalensis,Eukaryota;Animals;Birds,1200.03,0,0,0,1
Nothocercus nigrocapillus,Eukaryota;Animals;Birds,1019.61,0,0,0,1
Notiomystis cincta,Eukaryota;Animals;Birds,1025.23,0,0,0,1
Numida meleagris,Eukaryota;Animals;Birds,1043.26,31,1,0,2
Nyctibius bracteatus,Eukaryota;Animals;Birds,1169.29,0,0,0,1
Nyctibius grandis,Eukaryota;Animals;Birds,1256.41,38,1,0,3
Nycticryphes semicollaris,Eukaryota;Animals;Birds,1126.08,0,0,0,1
Nyctiprogne leucopyga,Eukaryota;Animals;Birds,1115.54,0,0,0,1
Nymphicus hollandicus,Eukaryota;Animals;Birds,1205.08,0,0,0,1
Oceanites oceanicus,Eukaryota;Animals;Birds,1178.38,0,0,0,1
Odontophorus gujanensis,Eukaryota;Animals;Birds,977.719,0,0,0,1
Oenanthe oenanthe,Eukaryota;Animals;Birds,1001.84,0,0,0,1
Opisthocomus hoazin,Eukaryota;Animals;Birds,1203.71,0,0,0,1
Oreocharis arfaki,Eukaryota;Animals;Birds,1039.56,0,0,0,1
Oreotrochilus melanogaster,Eukaryota;Animals;Birds,1107.79,0,0,0,1
Origma solitaria,Eukaryota;Animals;Birds,1033.41,0,0,0,1
Oriolus oriolus,Eukaryota;Animals;Birds,1038.87,0,0,0,1
Orthonyx spaldingii,Eukaryota;Animals;Birds,1034.66,0,0,0,1
Otus sunia,Eukaryota;Animals;Birds,1231.43,0,0,0,1
Oxylabes madagascariensis,Eukaryota;Animals;Birds,1199.25,0,0,0,1
Oxyruncus cristatus,Eukaryota;Animals;Birds,1062.47,0,0,0,1
Oxyura jamaicensis,Eukaryota;Animals;Birds,1147.59,34,1,0,1
Pachycephala philippinensis,Eukaryota;Animals;Birds,1041.72,0,0,0,1
Pandion haliaetus,Eukaryota;Animals;Birds,1147.62,0,0,0,1
Panurus biarmicus,Eukaryota;Animals;Birds,919.079,0,0,0,1
Paradisaea raggiana,Eukaryota;Animals;Birds,1037.51,0,0,0,1
Paradisaea rubra,Eukaryota;Animals;Birds,1071.26,0,0,0,1
Paradoxornis webbianus,Eukaryota;Animals;Birds,1050.3,0,0,0,1
Pardalotus punctatus,Eukaryota;Animals;Birds,1032.44,0,0,0,1
Parotia lawesii,Eukaryota;Animals;Birds,1056.92,0,0,0,1
Parus major,Eukaryota;Animals;Birds,1020.31,32,1,0,1
Passer domesticus,Eukaryota;Animals;Birds,1042.72,30,1,0,1
Passer montanus,Eukaryota;Animals;Birds,1039.95,0,0,0,1
Passerina amoena,Eukaryota;Animals;Birds,1068.85,0,0,0,1
Patagioenas fasciata,Eukaryota;Animals;Birds,1089.15,0,0,0,1
Pavo cristatus,Eukaryota;Animals;Birds,1027.51,0,0,0,1
Pedionomus torquatus,Eukaryota;Animals;Birds,1134.62,0,0,0,1
Pelecanus crispus,Eukaryota;Animals;Birds,1160.92,0,0,0,1
Penelope pileata,Eukaryota;Animals;Birds,1027.97,0,0,0,1
Peucedramus taeniatus,Eukaryota;Animals;Birds,1037.53,0,0,0,1
Phaethon lepturus,Eukaryota;Animals;Birds,1152.96,0,0,0,1
Phaetusa simplex,Eukaryota;Animals;Birds,1151.69,0,0,0,1
Phalacrocorax carbo,Eukaryota;Animals;Birds,1138.97,0,0,0,1
Phalacrocorax pelagicus,Eukaryota;Animals;Birds,1210.66,0,0,0,1
Phasianus colchicus,Eukaryota;Animals;Birds,1017.52,0,1,0,2
Pheucticus melanocephalus,Eukaryota;Animals;Birds,1048.53,0,0,0,1
Phoebastria albatrus,Eukaryota;Animals;Birds,1165.2,0,0,0,1
Phoenicopterus ruber,Eukaryota;Animals;Birds,1246.23,33,0,0,3
Phylloscopus plumbeitarsus,Eukaryota;Animals;Birds,997.399,0,0,0,1
Phylloscopus trochiloides,Eukaryota;Animals;Birds,1003.33,0,0,0,2
Phylloscopus trochilus,Eukaryota;Animals;Birds,1066.52,0,0,0,1
Piaya cayana,Eukaryota;Animals;Birds,1151.26,0,0,0,1
Picoides pubescens,Eukaryota;Animals;Birds,1167.32,0,0,0,3
Pionus senilis,Eukaryota;Animals;Birds,1067.58,0,0,0,1
Pipra filicauda,Eukaryota;Animals;Birds,1110.96,0,0,0,1
Piprites chloris,Eukaryota;Animals;Birds,1054,0,0,0,1
Pitta sordida,Eukaryota;Animals;Birds,1088.83,0,0,0,1
Ploceus nigricollis,Eukaryota;Animals;Birds,1035.45,0,0,0,1
Pluvianellus socialis,Eukaryota;Animals;Birds,1185.84,0,0,0,1
Podargus strigoides,Eukaryota;Animals;Birds,1138.41,0,0,0,1
Podiceps cristatus,Eukaryota;Animals;Birds,1134.92,0,0,0,1
Poecile atricapillus,Eukaryota;Animals;Birds,1047.81,19,1,0,2
Pogoniulus pusillus,Eukaryota;Animals;Birds,1272.36,46,1,0,2
Polioptila caerulea,Eukaryota;Animals;Birds,1038.03,0,0,0,1
Pomatorhinus ruficollis,Eukaryota;Animals;Birds,1065.05,0,0,0,1
Pomatostomus ruficeps,Eukaryota;Animals;Birds,1020.56,0,0,0,1
Probosciger aterrimus,Eukaryota;Animals;Birds,1061.54,0,0,0,1
Promerops cafer,Eukaryota;Animals;Birds,1043.74,0,0,0,1
Prunella fulvescens,Eukaryota;Animals;Birds,1044.26,0,0,0,1
Prunella himalayana,Eukaryota;Animals;Birds,1024.61,0,0,0,1
Pseudopodoces humilis,Eukaryota;Animals;Birds,1043,0,1,0,1
Pseudorectes ferrugineus,Eukaryota;Animals;Birds,995.897,0,0,0,1
Psittacula krameri,Eukaryota;Animals;Birds,1417.81,0,0,0,1
Psittacus erithacus,Eukaryota;Animals;Birds,1118.03,0,0,0,1
Psittacus timneh,Eukaryota;Animals;Birds,1103.92,0,0,0,1
Psitteuteles goldiei,Eukaryota;Animals;Birds,1125.67,0,0,0,1
Psophia crepitans,Eukaryota;Animals;Birds,1169.25,0,0,0,1
Pterocles burchelli,Eukaryota;Animals;Birds,1101.02,0,0,0,1
Pterocles gutturalis,Eukaryota;Animals;Birds,1069.32,0,0,0,3
Pterocles orientalis,Eukaryota;Animals;Birds,1201.76,0,0,0,1
Pterocnemia pennata,Eukaryota;Animals;Birds,1168.29,0,0,0,1
Pteruthius melanotis,Eukaryota;Animals;Birds,1043.92,0,0,0,1
Ptilonorhynchus violaceus,Eukaryota;Animals;Birds,1057.85,0,0,0,1
Ptilorrhoa leucosticta,Eukaryota;Animals;Birds,1110.56,0,0,0,1
Pycnonotus jocosus,Eukaryota;Animals;Birds,1024.59,0,0,0,1
Pygoscelis adeliae,Eukaryota;Animals;Birds,1216.62,0,1,0,3
Pygoscelis antarcticus,Eukaryota;Animals;Birds,1260.45,0,0,0,3
Pygoscelis papua,Eukaryota;Animals;Birds,1209.91,0,0,0,3
Pyrrhura frontalis,Eukaryota;Animals;Birds,1112.82,0,0,0,1
Pyrrhura griseipectus,Eukaryota;Animals;Birds,1129.19,0,0,0,1
Pyrrhura lepida,Eukaryota;Animals;Birds,1144.81,0,0,0,1
Pyrrhura molinae,Eukaryota;Animals;Birds,1122.25,0,0,0,1
Pyrrhura perlata,Eukaryota;Animals;Birds,1111.47,0,0,0,1
Quiscalus mexicanus,Eukaryota;Animals;Birds,1041.4,0,0,0,1
Ramphastos sulfuratus,Eukaryota;Animals;Birds,1176.91,0,0,0,1
Recurvirostra avosetta,Eukaryota;Animals;Birds,1193.28,0,0,0,1
Regulus satrapa,Eukaryota;Animals;Birds,1011.45,0,0,0,1
Rhabdornis inornatus,Eukaryota;Animals;Birds,1038.14,0,0,0,1
Rhadina sibilatrix,Eukaryota;Animals;Birds,1045.32,0,0,0,1
Rhagologus leucostigma,Eukaryota;Animals;Birds,1045.19,0,0,0,1
Rhea americana,Eukaryota;Animals;Birds,1160.84,0,0,0,1
Rhegmatorhina hoffmannsi,Eukaryota;Animals;Birds,951.65,0,0,0,1
Rhinopomastus cyanomelas,Eukaryota;Animals;Birds,994.785,0,0,0,1
Rhinoptilus africanus,Eukaryota;Animals;Birds,1154.87,0,0,0,1
Rhipidura dahli,Eukaryota;Animals;Birds,1019.43,0,0,0,1
Rhodinocichla rosea,Eukaryota;Animals;Birds,1031.97,0,0,0,1
Rhynochetos jubatus,Eukaryota;Animals;Birds,1116.41,0,0,0,1
Rissa tridactyla,Eukaryota;Animals;Birds,1192.87,0,0,0,1
Rostratula benghalensis,Eukaryota;Animals;Birds,1103.1,0,0,0,1
Rynchops niger,Eukaryota;Animals;Birds,1178.09,0,0,0,1
Sagittarius serpentarius,Eukaryota;Animals;Birds,1139.03,0,0,0,1
Sapayoa aenigma,Eukaryota;Animals;Birds,1015.91,0,0,0,1
Saxicola maurus,Eukaryota;Animals;Birds,1020.37,0,0,0,1
Sclerurus mexicanus,Eukaryota;Animals;Birds,1046.92,0,0,0,1
Scolopax mira,Eukaryota;Animals;Birds,1091.29,0,0,0,1
Scopus umbretta,Eukaryota;Animals;Birds,1091.98,0,0,0,1
Scytalopus superciliaris,Eukaryota;Animals;Birds,1061.78,0,0,0,1
Serilophus lunatus,Eukaryota;Animals;Birds,1040.37,0,0,0,1
Serinus canaria,Eukaryota;Animals;Birds,1071.66,0,1,0,2
Setophaga coronata,Eukaryota;Animals;Birds,1022.65,31,1,0,1
Setophaga kirtlandii,Eukaryota;Animals;Birds,1045.88,0,0,0,1
Sialia sialis,Eukaryota;Animals;Birds,958.523,0,0,0,1
Sitta europaea,Eukaryota;Animals;Birds,1020.78,0,0,0,1
Spelaeornis formosus,Eukaryota;Animals;Birds,1013.71,0,0,0,1
Spheniscus demersus,Eukaryota;Animals;Birds,1275.04,0,0,0,1
Spheniscus humboldti,Eukaryota;Animals;Birds,1239.25,0,0,0,3
Spheniscus magellanicus,Eukaryota;Animals;Birds,1260.23,0,0,0,4
Spheniscus mendiculus,Eukaryota;Animals;Birds,1209.85,0,0,0,2
Spizaetus tyrannus,Eukaryota;Animals;Birds,1184.66,0,0,0,1
Spizella passerina,Eukaryota;Animals;Birds,1018.79,0,0,0,1
Sporophila hypoxantha,Eukaryota;Animals;Birds,1067.76,0,0,0,1
Steatornis caripensis,Eukaryota;Animals;Birds,1222.77,0,0,0,1
Stercorarius parasiticus,Eukaryota;Animals;Birds,1159.85,0,0,0,1
Sterna hirundo,Eukaryota;Animals;Birds,1229.97,27,1,0,2
Sterrhoptilus dennistouni,Eukaryota;Animals;Birds,1050.38,0,0,0,1
Stictonetta naevosa,Eukaryota;Animals;Birds,1132.7,34,1,0,1
Streptopelia turtur,Eukaryota;Animals;Birds,1178.93,31,0,0,2
Strigops habroptila,Eukaryota;Animals;Birds,1148.6,25,1,0,2
Strix occidentalis,Eukaryota;Animals;Birds,1255.54,0,0,0,1
Struthidea cinerea,Eukaryota;Animals;Birds,1042.12,0,0,0,1
Struthio camelus,Eukaryota;Animals;Birds,1225.04,0,1,0,1
Sturnus vulgaris,Eukaryota;Animals;Birds,1036.76,0,0,0,1
Sula dactylatra,Eukaryota;Animals;Birds,1136.67,0,0,0,1
Sylvia atricapilla,Eukaryota;Animals;Birds,1066.79,35,0,0,3
Sylvia borin,Eukaryota;Animals;Birds,1045.65,37,0,0,3
Sylvietta virens,Eukaryota;Animals;Birds,1028.03,0,0,0,1
Syrmaticus mikado,Eukaryota;Animals;Birds,1066.43,0,0,0,1
Syrrhaptes paradoxus,Eukaryota;Animals;Birds,1101.53,0,0,0,1
Tachuris rubrigastra,Eukaryota;Animals;Birds,1059.68,0,0,0,1
Tachycineta bicolor,Eukaryota;Animals;Birds,1135.35,0,0,0,1
Taeniopygia guttata,Eukaryota;Animals;Birds,1068.99,32,1,0,15
Tauraco erythrolophus,Eukaryota;Animals;Birds,1155.54,0,0,0,3
Tetrax tetrax,Eukaryota;Animals;Birds,1259.19,0,0,0,1
Thalassarche chlororhynchos,Eukaryota;Animals;Birds,1087.78,0,0,0,1
Thinocorus orbignyianus,Eukaryota;Animals;Birds,1092.41,0,0,0,1
Thryothorus ludovicianus,Eukaryota;Animals;Birds,1031.45,0,0,0,1
Tinamus guttatus,Eukaryota;Animals;Birds,1047.06,0,0,0,1
Todus mexicanus,Eukaryota;Animals;Birds,853.262,0,0,0,1
Tricholaema leucomelas,Eukaryota;Animals;Birds,1236.24,0,0,0,1
Trogon melanurus,Eukaryota;Animals;Birds,1107.86,0,0,0,1
Turdus rufiventris,Eukaryota;Animals;Birds,1046.95,0,0,0,1
Turnix velox,Eukaryota;Animals;Birds,968.891,0,0,0,1
Tympanuchus cupido,Eukaryota;Animals;Birds,983.777,0,0,0,1
Tyrannus savana,Eukaryota;Animals;Birds,1055.5,0,0,0,1
Tyto alba,Eukaryota;Animals;Birds,1219.19,0,0,0,2
Upupa epops,Eukaryota;Animals;Birds,972.138,0,0,0,1
Uria aalge,Eukaryota;Animals;Birds,1181.53,0,0,0,2
Uria lomvia,Eukaryota;Animals;Birds,1179.36,0,0,0,1
Urocolius indicus,Eukaryota;Animals;Birds,1109.6,0,0,0,1
Urocynchramus pylzowi,Eukaryota;Animals;Birds,1030.91,0,0,0,1
Vidua chalybeata,Eukaryota;Animals;Birds,1073.58,0,0,0,1
Vidua macroura,Eukaryota;Animals;Birds,1024.46,0,0,0,1
Vireo altiloquus,Eukaryota;Animals;Birds,1064.98,0,0,0,1
Xiphorhynchus elegans,Eukaryota;Animals;Birds,1059.66,0,0,0,1
Zapornia atra,Eukaryota;Animals;Birds,1119.12,0,0,0,1
Zonotrichia albicollis,Eukaryota;Animals;Birds,1052.6,0,0,0,2
Zosterops borbonicus,Eukaryota;Animals;Birds,1213.66,0,0,0,1
Zosterops hypoxanthus,Eukaryota;Animals;Birds,1051.74,0,0,0,1
Zosterops lateralis,Eukaryota;Animals;Birds,1036,0,0,0,1
Zosterops pallidus,Eukaryota;Animals;Birds,1149.6,0,0,0,1
Amblyraja radiata,Eukaryota;Animals;Fishes,2558.78,49,1,0,2
Callorhinchus milii,Eukaryota;Animals;Fishes,974.499,0,1,0,1
Carcharodon carcharias,Eukaryota;Animals;Fishes,0.00067,0,0,0,2
Chiloscyllium plagiosum,Eukaryota;Animals;Fishes,3776.55,51,0,0,1
Chiloscyllium punctatum,Eukaryota;Animals;Fishes,3375.7,0,0,0,1
Hydrolagus affinis,Eukaryota;Animals;Fishes,1114.27,0,0,0,1
Leucoraja erinacea,Eukaryota;Animals;Fishes,1555.46,0,1,0,1
Pristis pectinata,Eukaryota;Animals;Fishes,2267.86,46,1,0,2
Rhincodon typus,Eukaryota;Animals;Fishes,2931.6,0,1,0,2
Scyliorhinus canicula,Eukaryota;Animals;Fishes,0,0,0,0,0
Scyliorhinus torazame,Eukaryota;Animals;Fishes,4470.98,0,0,0,1
Alligator mississippiensis,Eukaryota;Animals;Reptiles,2161.73,0,1,0,3
Alligator sinensis,Eukaryota;Animals;Reptiles,2270.57,0,0,0,1
Gavialis gangeticus,Eukaryota;Animals;Other Animals,2640.79,0,1,0,2
Crocodylus porosus,Eukaryota;Animals;Reptiles,2049.54,0,1,0,2
Acinonyx jubatus,Eukaryota;Animals;Mammals,2384.85,0,1,0,2
Aeorestes cinereus,Eukaryota;Animals;Mammals,2149.06,0,0,0,2
Aepyceros melampus,Eukaryota;Animals;Mammals,2631.3,0,0,0,1
Ailuropoda melanoleuca,Eukaryota;Animals;Mammals,2444.08,21,1,0,2
Ailurus fulgens,Eukaryota;Animals;Mammals,2342.94,0,0,0,1
Alcelaphus buselaphus,Eukaryota;Animals;Mammals,3882.34,0,0,0,1
Ammotragus lervia,Eukaryota;Animals;Mammals,2650.84,0,0,0,1
Anoura caudifer,Eukaryota;Animals;Mammals,2206.59,0,0,0,1
Antidorcas marsupialis,Eukaryota;Animals;Mammals,3024.61,0,0,0,1
Antilocapra americana,Eukaryota;Animals;Mammals,2955.31,0,0,0,2
Antrozous pallidus,Eukaryota;Animals;Mammals,2597.47,0,0,0,1
Arctocephalus gazella,Eukaryota;Animals;Mammals,2313.59,0,0,0,2
Artibeus jamaicensis,Eukaryota;Animals;Mammals,2207.62,0,1,0,2
Axis porcinus,Eukaryota;Animals;Mammals,2676.16,0,0,0,1
Beatragus hunteri,Eukaryota;Animals;Mammals,2697.26,0,0,0,1
Bison bison,Eukaryota;Animals;Mammals,2828.03,0,1,0,1
Bos gaurus,Eukaryota;Animals;Mammals,2717.35,30,1,0,1
Bradypus variegatus,Eukaryota;Animals;Mammals,1502.48,0,0,0,1
Callorhinus ursinus,Eukaryota;Animals;Mammals,2706.87,0,1,0,1
Camelus bactrianus,Eukaryota;Animals;Mammals,1992.66,0,1,0,3
Camelus ferus,Eukaryota;Animals;Mammals,2087.09,37,1,0,2
Canis lupus,Eukaryota;Animals;Mammals,2398.21,0,0,0,15
Capra ibex,Eukaryota;Animals;Mammals,2701.36,0,0,0,1
Capreolus capreolus,Eukaryota;Animals;Mammals,2785.38,0,0,0,1
Capreolus pygargus,Eukaryota;Animals;Mammals,2607.83,0,0,0,1
Carlito syrichta,Eukaryota;Animals;Mammals,3453.86,0,1,0,1
Carollia perspicillata,Eukaryota;Animals;Mammals,2689.41,0,0,0,1
Catagonus wagneri,Eukaryota;Animals;Mammals,2640.07,0,0,0,1
Cephalophus harveyi,Eukaryota;Animals;Mammals,2816.64,0,0,0,1
Ceratotherium simum,Eukaryota;Animals;Mammals,2666.62,0,0,0,1
Ceratotherium simum simum,Eukaryota;Animals;Mammals,2464.37,0,1,0,1
Cervus hanglu,Eukaryota;Animals;Mammals,2594.11,34,0,0,1
Chaetophractus vellerosus,Eukaryota;Animals;Mammals,5335.6,0,0,0,1
Choloepus didactylus,Eukaryota;Animals;Mammals,3214.7,29,1,0,3
Choloepus hoffmanni,Eukaryota;Animals;Mammals,3286.01,0,0,0,1
Chrysochloris asiatica,Eukaryota;Animals;Mammals,4210.11,0,1,0,2
Condylura cristata,Eukaryota;Animals;Mammals,1769.66,0,0,0,1
Connochaetes taurinus,Eukaryota;Animals;Mammals,2644.04,0,0,0,1
Craseonycteris thonglongyai,Eukaryota;Animals;Mammals,2272.09,0,0,0,1
Crocidura indochinensis,Eukaryota;Animals;Mammals,3082.22,0,0,0,1
Crocuta crocuta,Eukaryota;Animals;Mammals,2348.38,0,1,0,1
Cryptoprocta ferox,Eukaryota;Animals;Mammals,2458.85,0,0,0,1
Cynopterus brachyotis,Eukaryota;Animals;Mammals,1758.94,0,0,0,1
Damaliscus lunatus,Eukaryota;Animals;Mammals,3127.76,0,0,0,1
Dasypus novemcinctus,Eukaryota;Animals;Mammals,3631.52,0,1,0,1
Desmodus rotundus,Eukaryota;Animals;Mammals,2063.81,0,1,0,1
Dicerorhinus sumatrensis,Eukaryota;Animals;Mammals,2442.45,0,0,0,2
Diceros bicornis,Eukaryota;Animals;Mammals,2331.67,0,0,0,2
Dugong dugon,Eukaryota;Animals;Mammals,2620.89,0,0,0,1
Echinops telfairi,Eukaryota;Animals;Mammals,2947.12,0,1,0,1
Eidolon helvum,Eukaryota;Animals;Mammals,1837.75,0,0,0,1
Elephantulus edwardii,Eukaryota;Animals;Mammals,3843.98,0,0,0,2
Elephas maximus,Eukaryota;Animals;Mammals,3128.77,0,0,0,1
Enhydra lutris,Eukaryota;Animals;Mammals,2455.28,0,1,0,2
Eonycteris spelaea,Eukaryota;Animals;Mammals,1966.86,0,0,0,1
Eptesicus fuscus,Eukaryota;Animals;Mammals,2026.63,0,0,0,1
Equus caballus,Eukaryota;Animals;Mammals,2506.97,32,1,0,4
Equus przewalskii,Eukaryota;Animals;Mammals,2395.95,0,1,0,1
Erethizon dorsatum,Eukaryota;Animals;Mammals,2436.55,0,0,0,1
Eumetopias jubatus,Eukaryota;Animals;Mammals,2418.26,0,1,0,1
Felis nigripes,Eukaryota;Animals;Mammals,2428.42,0,0,0,1
Galeopterus variegatus,Eukaryota;Animals;Mammals,3187.66,0,1,0,2
Giraffa camelopardalis,Eukaryota;Animals;Mammals,2473.18,0,0,0,1
Giraffa tippelskirchi,Eukaryota;Animals;Mammals,2490.08,14,0,0,2
Gulo gulo,Eukaryota;Animals;Mammals,2423.18,0,0,0,1
Gymnobelideus leadbeateri,Eukaryota;Animals;Mammals,3469.28,0,0,0,1
Helogale parvula,Eukaryota;Animals;Mammals,2392.47,0,0,0,1
Hemitragus hylocrius,Eukaryota;Animals;Mammals,2715.04,0,0,0,1
Heterohyrax brucei,Eukaryota;Animals;Mammals,3618.15,0,0,0,1
Hippopotamus amphibius,Eukaryota;Animals;Mammals,2733.49,0,0,0,2
Hipposideros armiger,Eukaryota;Animals;Mammals,2236.58,0,1,0,1
Hipposideros galeritus,Eukaryota;Animals;Mammals,2440.75,0,0,0,1
Hippotragus equinus,Eukaryota;Animals;Mammals,2603.42,0,0,0,1
Hippotragus niger,Eukaryota;Animals;Mammals,2595.33,0,0,0,1
Hyaena hyaena,Eukaryota;Animals;Mammals,2374.72,0,0,0,2
Hydrodamalis gigas,Eukaryota;Animals;Mammals,1239.94,0,0,0,1
Hydropotes inermis,Eukaryota;Animals;Mammals,2530.18,0,0,0,1
Hystrix cristata,Eukaryota;Animals;Mammals,2470.92,0,0,0,1
Kobus ellipsiprymnus,Eukaryota;Animals;Mammals,2895.34,0,0,0,1
Kobus leche,Eukaryota;Animals;Mammals,2771.25,0,0,0,1
Lama glama,Eukaryota;Animals;Mammals,2035.8,0,0,0,1
Lama guanicoe,Eukaryota;Animals;Mammals,2050.53,0,0,0,1
Lasiurus borealis,Eukaryota;Animals;Mammals,2857.59,0,0,0,1
Leptonychotes weddellii,Eukaryota;Animals;Mammals,3156.9,0,1,0,1
Lepus americanus,Eukaryota;Animals;Mammals,3123.27,0,0,0,1
Litocranius walleri,Eukaryota;Animals;Mammals,2979.34,0,0,0,1
Lontra canadensis,Eukaryota;Animals;Mammals,2405.75,0,0,0,1
Loxodonta africana,Eukaryota;Animals;Mammals,3196.74,0,1,0,1
Lutra lutra,Eukaryota;Animals;Mammals,2438.46,20,1,0,2
Lycaon pictus,Eukaryota;Animals;Mammals,2358.14,40,1,0,3
Lynx canadensis,Eukaryota;Animals;Mammals,2407.81,20,1,0,2
Lynx pardinus,Eukaryota;Animals;Mammals,2413.21,0,0,0,1
Macroglossus sobrinus,Eukaryota;Animals;Mammals,1897.64,0,0,0,1
Madoqua kirkii,Eukaryota;Animals;Mammals,2648.13,0,0,0,1
Manis javanica,Eukaryota;Animals;Mammals,2438.98,0,1,0,2
Manis pentadactyla,Eukaryota;Animals;Mammals,2399.66,0,1,0,2
Martes zibellina,Eukaryota;Animals;Mammals,2420.68,0,0,0,1
Megaderma lyra,Eukaryota;Animals;Mammals,2620.95,0,0,0,2
Mellivora capensis,Eukaryota;Animals;Mammals,3091.17,0,0,0,1
Microgale talazaci,Eukaryota;Animals;Mammals,3236.15,0,0,0,1
Micronycteris hirsuta,Eukaryota;Animals;Mammals,2314.65,0,0,0,1
Miniopterus natalensis,Eukaryota;Animals;Mammals,1803.1,0,0,0,1
Mirounga angustirostris,Eukaryota;Animals;Mammals,2407.32,0,0,0,1
Mirounga leonina,Eukaryota;Animals;Mammals,2417.32,0,1,0,1
Molossus molossus,Eukaryota;Animals;Mammals,2315.57,0,1,0,1
Monodelphis domestica,Eukaryota;Animals;Mammals,3598.44,9,1,0,1
Mormoops blainvillei,Eukaryota;Animals;Mammals,2111.75,0,0,0,1
Moschus berezovskii,Eukaryota;Animals;Mammals,2818.01,0,0,0,2
Moschus chrysogaster,Eukaryota;Animals;Mammals,4972.48,0,0,0,1
Moschus moschiferus,Eukaryota;Animals;Mammals,3069.61,0,0,0,2
Mungos mungo,Eukaryota;Animals;Mammals,2448.21,0,0,0,1
Murina aurata,Eukaryota;Animals;Mammals,2331.55,0,0,0,1
Mustela erminea,Eukaryota;Animals;Mammals,2445.22,23,1,0,2
Mustela putorius,Eukaryota;Animals;Mammals,2941.57,0,0,0,10
Myotis brandtii,Eukaryota;Animals;Mammals,2107.24,0,0,0,1
Myotis davidii,Eukaryota;Animals;Mammals,2059.8,0,0,0,1
Myotis lucifugus,Eukaryota;Animals;Mammals,2034.58,0,0,0,1
Myotis myotis,Eukaryota;Animals;Mammals,2002.8,0,1,0,2
Myrmecophaga tridactyla,Eukaryota;Animals;Mammals,3547.27,0,0,0,1
Nanger granti,Eukaryota;Animals;Mammals,3032.78,0,0,0,1
Neotragus moschatus,Eukaryota;Animals;Mammals,2675.73,0,0,0,1
Neotragus pygmaeus,Eukaryota;Animals;Mammals,2895.87,0,0,0,1
Neovison vison,Eukaryota;Animals;Mammals,2447.19,0,0,0,1
Noctilio leporinus,Eukaryota;Animals;Mammals,2098.5,0,0,0,1
Notamacropus eugenii,Eukaryota;Animals;Mammals,3075.18,0,0,0,1
Nycticeius humeralis,Eukaryota;Animals;Mammals,2779.57,0,0,0,1
Octodon degus,Eukaryota;Animals;Mammals,2995.89,0,1,0,1
Octomys mimax,Eukaryota;Animals;Mammals,2591.29,0,0,0,1
Odobenus rosmarus divergens,Eukaryota;Animals;Mammals,2400.15,0,1,0,1
Odocoileus hemionus,Eukaryota;Animals;Mammals,2343.7,0,1,0,2
Odocoileus virginianus,Eukaryota;Animals;Mammals,2380.51,0,1,0,4
Okapia johnstoni,Eukaryota;Animals;Mammals,2878.13,0,0,0,1
Oreamnos americanus,Eukaryota;Animals;Mammals,2506.01,0,0,0,1
Oreotragus oreotragus,Eukaryota;Animals;Mammals,3247.63,0,0,0,1
Ornithorhynchus anatinus,Eukaryota;Animals;Mammals,1996.81,26,1,0,4
Orycteropus afer,Eukaryota;Animals;Mammals,4444.08,0,1,0,2
Oryx dammah,Eukaryota;Animals;Mammals,2717.52,0,0,0,1
Oryx gazella,Eukaryota;Animals;Mammals,2762.92,0,0,0,2
Ourebia ourebi,Eukaryota;Animals;Mammals,2524.87,0,0,0,1
Ovis ammon,Eukaryota;Animals;Mammals,2643.43,0,0,0,2
Ovis canadensis,Eukaryota;Animals;Mammals,2863.66,0,0,0,2
Ovis nivicola,Eukaryota;Animals;Mammals,2618.98,0,0,0,1
Ovis orientalis,Eukaryota;Animals;Mammals,2652.57,27,0,0,1
Panthera leo,Eukaryota;Animals;Mammals,2406.81,19,0,0,2
Panthera onca,Eukaryota;Animals;Mammals,2504.53,0,0,0,1
Panthera pardus,Eukaryota;Animals;Mammals,2578.02,0,1,0,1
Panthera tigris,Eukaryota;Animals;Mammals,2391.08,0,1,0,1
Paradoxurus hermaphroditus,Eukaryota;Animals;Mammals,2477.23,0,0,0,1
Phascolarctos cinereus,Eukaryota;Animals;Mammals,3192.58,0,1,0,3
Phataginus tricuspis,Eukaryota;Animals;Mammals,3013.4,0,0,0,1
Phoca vitulina,Eukaryota;Animals;Mammals,2363.59,0,1,0,1
Phyllostomus discolor,Eukaryota;Animals;Mammals,2108.83,17,1,0,2
Pipistrellus kuhlii,Eukaryota;Animals;Mammals,1775.69,0,1,0,1
Pipistrellus pipistrellus,Eukaryota;Animals;Mammals,1763.44,22,1,0,3
Potos flavus,Eukaryota;Animals;Mammals,2208.19,0,1,0,1
Prionailurus bengalensis,Eukaryota;Animals;Mammals,2421.86,0,0,0,1
Procapra przewalskii,Eukaryota;Animals;Mammals,2692.99,0,0,0,1
Procavia capensis,Eukaryota;Animals;Mammals,3897.62,0,0,0,2
Procyon lotor,Eukaryota;Animals;Mammals,2251.28,0,1,0,1
Pseudois nayaur,Eukaryota;Animals;Mammals,2584.17,0,0,0,1
Pteronotus parnellii,Eukaryota;Animals;Mammals,1960.32,0,0,0,1
Pteronura brasiliensis,Eukaryota;Animals;Mammals,2602.28,0,0,0,1
Pteropus alecto,Eukaryota;Animals;Mammals,1985.98,0,1,0,1
Pteropus pselaphon,Eukaryota;Animals;Mammals,1933.22,0,0,0,1
Pteropus vampyrus,Eukaryota;Animals;Mammals,2198.28,0,0,0,1
Puma concolor,Eukaryota;Animals;Mammals,2432.97,0,1,0,2
Raphicerus campestris,Eukaryota;Animals;Mammals,3137.86,0,0,0,1
Redunca redunca,Eukaryota;Animals;Mammals,2724.98,0,0,0,1
Rhinolophus ferrumequinum,Eukaryota;Animals;Mammals,2183.99,28,1,0,5
Rousettus leschenaultii,Eukaryota;Animals;Mammals,1918.04,0,0,0,1
Saiga tatarica,Eukaryota;Animals;Mammals,2876.19,0,0,0,1
Sarcophilus harrisii,Eukaryota;Animals;Mammals,3086.67,8,1,0,5
Scalopus aquaticus,Eukaryota;Animals;Mammals,2068.87,0,0,0,1
Solenodon paradoxus,Eukaryota;Animals;Mammals,2109.88,0,0,0,2
Spilogale gracilis,Eukaryota;Animals;Mammals,2463.32,0,0,0,1
Sturnira hondurensis,Eukaryota;Animals;Mammals,2098.36,0,0,0,1
Suricata suricatta,Eukaryota;Animals;Mammals,2353.58,18,0,0,2
Sylvicapra grimmia,Eukaryota;Animals;Mammals,3145.09,0,0,0,1
Sylvilagus bachmani,Eukaryota;Animals;Mammals,2686.38,24,0,0,1
Syncerus caffer,Eukaryota;Animals;Mammals,2652.97,0,0,0,3
Tachyglossus aculeatus,Eukaryota;Animals;Mammals,2213.02,36,1,0,3
Tadarida brasiliensis,Eukaryota;Animals;Mammals,2709.93,0,0,0,1
Talpa occidentalis,Eukaryota;Animals;Mammals,2098.02,0,1,0,1
Tamandua tetradactyla,Eukaryota;Animals;Mammals,3849.37,0,0,0,1
Tapirus indicus,Eukaryota;Animals;Mammals,2425.2,0,0,0,1
Tapirus terrestris,Eukaryota;Animals;Mammals,2571.46,0,0,0,1
Taxidea taxus,Eukaryota;Animals;Mammals,2416.01,0,0,0,1
Thryonomys swinderianus,Eukaryota;Animals;Mammals,2662.15,0,0,0,1
Thylacinus cynocephalus,Eukaryota;Animals;Mammals,3095.96,0,0,0,1
Tolypeutes matacus,Eukaryota;Animals;Mammals,4115.03,0,0,0,1
Tonatia saurophila,Eukaryota;Animals;Mammals,2105.89,0,0,0,1
Tragelaphus buxtoni,Eukaryota;Animals;Mammals,3267.49,0,0,0,1
Tragelaphus eurycerus,Eukaryota;Animals;Mammals,2962.04,0,0,0,1
Tragelaphus imberbis,Eukaryota;Animals;Mammals,4038.24,0,0,0,1
Tragelaphus oryx,Eukaryota;Animals;Mammals,2837.49,0,0,0,1
Tragelaphus scriptus,Eukaryota;Animals;Mammals,2873.33,0,0,0,1
Tragelaphus spekii,Eukaryota;Animals;Mammals,3725.95,0,0,0,1
Tragelaphus strepsiceros,Eukaryota;Animals;Mammals,2867.75,0,0,0,1
Tragulus javanicus,Eukaryota;Animals;Mammals,2589.96,0,0,0,1
Tragulus kanchil,Eukaryota;Animals;Mammals,3053.42,0,0,0,1
Trichechus manatus latirostris,Eukaryota;Animals;Mammals,3103.81,0,1,0,1
Trichosurus vulpecula,Eukaryota;Animals;Mammals,3359.35,10,1,0,2
Tupaia belangeri,Eukaryota;Animals;Mammals,2137.23,0,0,0,1
Tupaia chinensis,Eukaryota;Animals;Mammals,2846.58,0,0,0,1
Tupaia tana,Eukaryota;Animals;Mammals,3648.91,0,0,0,1
Tympanoctomys barrerae,Eukaryota;Animals;Mammals,2651.63,0,0,0,1
Uropsilus gracilis,Eukaryota;Animals;Mammals,2112.71,0,0,0,1
Ursus americanus,Eukaryota;Animals;Mammals,2588.39,0,0,0,1
Ursus arctos,Eukaryota;Animals;Mammals,2328.66,0,1,0,2
Ursus maritimus,Eukaryota;Animals;Mammals,2301.38,0,1,0,1
Ursus thibetanus,Eukaryota;Animals;Mammals,2373.6,0,0,0,2
Vicugna pacos,Eukaryota;Animals;Mammals,2119.62,0,1,0,2
Vicugna vicugna,Eukaryota;Animals;Mammals,2026.8,0,0,0,1
Vombatus ursinus,Eukaryota;Animals;Mammals,3486.6,0,1,0,1
Vulpes lagopus,Eukaryota;Animals;Mammals,2688.56,0,0,0,1
Vulpes vulpes,Eukaryota;Animals;Mammals,2421.57,0,1,0,1
Zalophus californianus,Eukaryota;Animals;Mammals,2409.69,19,1,0,4
Acomys cahirinus,Eukaryota;Animals;Mammals,2306.07,0,0,0,1
Acomys russatus,Eukaryota;Animals;Mammals,2301.52,33,0,0,1
Alces alces,Eukaryota;Animals;Mammals,2743.74,0,0,0,2
Alouatta palliata,Eukaryota;Animals;Mammals,3033.62,0,0,0,1
Aotus nancymaae,Eukaryota;Animals;Mammals,2861.68,0,1,0,1
Aplodontia rufa,Eukaryota;Animals;Mammals,3005.54,0,0,0,1
Apodemus speciosus,Eukaryota;Animals;Mammals,3494.29,0,0,0,1
Apodemus sylvaticus,Eukaryota;Animals;Mammals,3758.14,0,0,0,1
Arvicanthis niloticus,Eukaryota;Animals;Mammals,2496.76,22,1,0,3
Arvicola amphibius,Eukaryota;Animals;Mammals,2297.77,19,0,0,2
Ateles geoffroyi,Eukaryota;Animals;Mammals,2897.03,0,0,0,1
Balaenoptera acutorostrata,Eukaryota;Animals;Mammals,2431.69,0,1,0,1
Balaenoptera bonaerensis,Eukaryota;Animals;Mammals,2234.64,0,0,0,1
Balaenoptera musculus,Eukaryota;Animals;Mammals,2374.87,23,1,0,2
Balaenoptera physalus,Eukaryota;Animals;Mammals,2462.77,0,0,0,1
Bos frontalis,Eukaryota;Animals;Mammals,3002.45,0,0,0,1
Bos grunniens,Eukaryota;Animals;Mammals,2832.78,31,0,0,1
Bos grunniens x Bos taurus,Eukaryota;Animals;Mammals,2668.88,30,0,0,2
Bos indicus,Eukaryota;Animals;Mammals,2673.97,31,1,0,2
Bos indicus x Bos taurus,Eukaryota;Animals;Mammals,2680.95,30,1,0,8
Bos mutus,Eukaryota;Animals;Mammals,2645.16,0,1,0,3
Bos taurus,Eukaryota;Animals;Mammals,2715.85,30,1,0,3
Bubalus bubalis,Eukaryota;Animals;Mammals,2655.78,25,1,0,5
Callithrix jacchus,Eukaryota;Animals;Mammals,2897.82,24,1,0,11
Camelus dromedarius,Eukaryota;Animals;Mammals,2169.36,37,1,0,3
Canis lupus familiaris,Eukaryota;Animals;Mammals,2544.13,39,1,0,150
Capra aegagrus,Eukaryota;Animals;Mammals,2828.87,31,0,0,2
Capra hircus,Eukaryota;Animals;Mammals,2922.81,29,1,0,5
Capra sibirica,Eukaryota;Animals;Mammals,2733.03,0,0,0,1
Capromys pilorides,Eukaryota;Animals;Mammals,3023.85,0,0,0,1
Castor canadensis,Eukaryota;Animals;Mammals,2518.31,0,0,0,4
Cavia aperea,Eukaryota;Animals;Mammals,2716.4,0,0,0,1
Cavia porcellus,Eukaryota;Animals;Mammals,2723.22,0,1,0,1
Cavia tschudii,Eukaryota;Animals;Mammals,3077.35,0,0,0,1
Cebus albifrons,Eukaryota;Animals;Mammals,3058.67,0,0,0,1
Cebus imitator,Eukaryota;Animals;Mammals,2717.7,0,0,0,1
Cercocebus atys,Eukaryota;Animals;Mammals,2848.25,0,0,0,1
Cercopithecus mona,Eukaryota;Animals;Mammals,2902.8,0,0,0,1
Cercopithecus neglectus,Eukaryota;Animals;Mammals,3278.86,0,0,0,1
Cervus elaphus,Eukaryota;Animals;Mammals,3438.62,35,0,0,1
Cheirogaleus medius,Eukaryota;Animals;Mammals,2121.89,0,0,0,2
Chinchilla lanigera,Eukaryota;Animals;Mammals,2390.87,0,1,0,1
Chlorocebus sabaeus,Eukaryota;Animals;Mammals,2937.83,0,0,0,3
Colobus angolensis,Eukaryota;Animals;Mammals,2970.12,0,0,0,1
Cricetomys gambianus,Eukaryota;Animals;Mammals,2397.72,0,0,0,1
Cricetulus griseus,Eukaryota;Animals;Mammals,2399.79,0,1,0,5
Ctenodactylus gundi,Eukaryota;Animals;Mammals,2322.47,0,0,0,1
Ctenomys sociabilis,Eukaryota;Animals;Mammals,2834.81,0,0,0,1
Cuniculus paca,Eukaryota;Animals;Mammals,3399.58,0,0,0,1
Cynomys gunnisoni,Eukaryota;Animals;Mammals,2674.37,0,0,0,1
Dasyprocta punctata,Eukaryota;Animals;Mammals,3012.1,0,0,0,1
Daubentonia madagascariensis,Eukaryota;Animals;Mammals,2498.42,0,0,0,2
Delphinapterus leucas,Eukaryota;Animals;Mammals,2362.78,0,1,0,3
Dinomys branickii,Eukaryota;Animals;Mammals,2688.56,0,0,0,1
Dipodomys ordii,Eukaryota;Animals;Mammals,2236.37,0,0,0,1
Dipodomys stephensi,Eukaryota;Animals;Mammals,2346.42,0,0,0,1
Dolichotis patagonum,Eukaryota;Animals;Mammals,3289.61,0,0,0,1
Elaphurus davidianus,Eukaryota;Animals;Mammals,2584.69,0,0,0,1
Ellobius lutescens,Eukaryota;Animals;Mammals,2353.19,0,0,0,2
Ellobius talpinus,Eukaryota;Animals;Mammals,2265.97,0,0,0,1
Equus asinus,Eukaryota;Animals;Mammals,2391.05,0,1,0,3
Erinaceus europaeus,Eukaryota;Animals;Mammals,2715.72,0,1,0,2
Erythrocebus patas,Eukaryota;Animals;Mammals,3490.49,0,0,0,1
Eschrichtius robustus,Eukaryota;Animals;Mammals,2849.45,0,0,0,3
Eubalaena japonica,Eukaryota;Animals;Mammals,2693.58,0,0,0,1
Eudorcas thomsonii,Eukaryota;Animals;Mammals,2904.27,0,0,0,1
Eulemur flavifrons,Eukaryota;Animals;Mammals,2115.57,0,0,0,1
Eulemur fulvus,Eukaryota;Animals;Mammals,2748.89,0,0,0,1
Eulemur macaco,Eukaryota;Animals;Mammals,2119.88,0,0,0,1
Felis catus,Eukaryota;Animals;Mammals,2521.86,19,1,0,3
Fukomys damarensis,Eukaryota;Animals;Mammals,2334.38,0,1,0,2
Glis glis,Eukaryota;Animals;Mammals,2462.09,0,0,0,1
Globicephala melas,Eukaryota;Animals;Mammals,2333.87,0,1,0,1
Gorilla gorilla,Eukaryota;Animals;Mammals,3044.87,24,1,0,7
Grammomys surdaster,Eukaryota;Animals;Mammals,2412.66,0,0,0,1
Graphiurus murinus,Eukaryota;Animals;Mammals,2815.01,0,0,0,1
Halichoerus grypus,Eukaryota;Animals;Mammals,2338.24,0,1,0,1
Heterocephalus glaber,Eukaryota;Animals;Mammals,2618.2,0,1,0,3
Homo sapiens,Eukaryota;Animals;Mammals,3272.09,24,1,0,905
Hydrochoerus hydrochaeris,Eukaryota;Animals;Mammals,2590.84,33,0,0,3
Hylobates moloch,Eukaryota;Animals;Mammals,2848.33,0,1,0,1
Ictidomys tridecemlineatus,Eukaryota;Animals;Mammals,2478.39,0,0,0,3
Indri indri,Eukaryota;Animals;Mammals,2701.85,0,0,0,1
Inia geoffrensis,Eukaryota;Animals;Mammals,2596.28,0,0,0,1
Jaculus jaculus,Eukaryota;Animals;Mammals,2835.25,0,1,0,1
Kogia breviceps,Eukaryota;Animals;Mammals,2759.7,0,0,0,1
Lagenorhynchus obliquidens,Eukaryota;Animals;Mammals,2334.47,0,1,0,1
Lemur catta,Eukaryota;Animals;Mammals,2298.45,0,0,0,1
Lepus timidus,Eukaryota;Animals;Mammals,2703.26,22,0,0,1
Lipotes vexillifer,Eukaryota;Animals;Mammals,2429.21,0,1,0,1
Macaca fascicularis,Eukaryota;Animals;Mammals,2946.84,21,1,0,8
Macaca fuscata,Eukaryota;Animals;Mammals,2930.71,0,0,0,1
Macaca mulatta,Eukaryota;Animals;Mammals,2971.33,22,1,0,11
Macaca nemestrina,Eukaryota;Animals;Mammals,2948.7,0,0,0,1
Macrotus californicus,Eukaryota;Animals;Mammals,2161.58,0,0,0,1
Mandrillus leucophaeus,Eukaryota;Animals;Mammals,3061.99,0,0,0,1
Mandrillus sphinx,Eukaryota;Animals;Mammals,2860.58,0,0,0,1
Marmota flaviventris,Eukaryota;Animals;Mammals,2581.36,0,1,0,1
Marmota himalayana,Eukaryota;Animals;Mammals,2471.7,0,0,0,1
Marmota marmota,Eukaryota;Animals;Mammals,2510.59,0,0,0,1
Marmota monax,Eukaryota;Animals;Mammals,2736.98,0,1,0,2
Marmota vancouverensis,Eukaryota;Animals;Mammals,2504.04,0,0,0,1
Mastomys coucha,Eukaryota;Animals;Mammals,2507.18,2,1,0,1
Megaptera novaeangliae,Eukaryota;Animals;Mammals,2265.79,0,0,0,1
Meriones unguiculatus,Eukaryota;Animals;Mammals,2523.12,0,1,0,3
Mesocricetus auratus,Eukaryota;Animals;Mammals,2504.93,0,1,0,1
Mesoplodon bidens,Eukaryota;Animals;Mammals,2797.69,0,0,0,1
Microcebus,Eukaryota;Animals;Mammals,2499.23,0,0,0,1
Microcebus griseorufus,Eukaryota;Animals;Mammals,2838.33,0,0,0,1
Microcebus mittermeieri,Eukaryota;Animals;Mammals,3012.91,0,0,0,1
Microcebus murinus,Eukaryota;Animals;Mammals,2487.41,33,1,0,1
Microcebus ravelobensis,Eukaryota;Animals;Mammals,2416.21,0,0,0,1
Microcebus tavaratra,Eukaryota;Animals;Mammals,2583.97,0,0,0,1
Microtus agrestis,Eukaryota;Animals;Mammals,2029.32,0,0,0,4
Microtus arvalis,Eukaryota;Animals;Mammals,2620.58,0,0,0,1
Microtus fortis,Eukaryota;Animals;Mammals,2189.48,0,0,0,1
Microtus ochrogaster,Eukaryota;Animals;Mammals,2287.34,28,0,0,1
Microtus oeconomus,Eukaryota;Animals;Mammals,2306.55,0,0,0,1
Miniopterus schreibersii,Eukaryota;Animals;Mammals,1775.85,0,0,0,1
Mirza coquereli,Eukaryota;Animals;Mammals,2340.87,0,0,0,1
Mirza zaza,Eukaryota;Animals;Mammals,2359.34,0,0,0,1
Monodon monoceros,Eukaryota;Animals;Mammals,2355.57,0,1,0,4
Muntiacus crinifrons,Eukaryota;Animals;Mammals,2681.2,0,0,0,1
Muntiacus muntjak,Eukaryota;Animals;Mammals,2573.53,3,0,0,3
Muntiacus reevesi,Eukaryota;Animals;Mammals,2579.58,23,0,0,2
Mus caroli,Eukaryota;Animals;Mammals,2553.13,20,1,0,1
Mus minutoides,Eukaryota;Animals;Mammals,2619.68,0,0,0,2
Mus musculus,Eukaryota;Animals;Mammals,2728.22,21,1,0,23
Mus pahari,Eukaryota;Animals;Mammals,2475.01,24,0,0,1
Mus spicilegus,Eukaryota;Animals;Mammals,2496.08,0,0,0,1
Mus spretus,Eukaryota;Animals;Mammals,2625.59,20,1,0,1
Muscardinus avellanarius,Eukaryota;Animals;Mammals,2527.15,0,0,0,1
Mustela putorius furo,Eukaryota;Animals;Mammals,2410.88,0,1,0,13
Myocastor coypus,Eukaryota;Animals;Mammals,2903.18,0,0,0,1
Myodes glareolus,Eukaryota;Animals;Mammals,2323.04,0,0,0,4
Nannospalax galili,Eukaryota;Animals;Mammals,3061.42,0,1,0,1
Nasalis larvatus,Eukaryota;Animals;Mammals,3011.97,21,0,0,2
Neomonachus schauinslandi,Eukaryota;Animals;Mammals,2400.93,0,1,0,1
Neophocaena asiaeorientalis,Eukaryota;Animals;Mammals,2284.63,0,1,0,1
Neotoma lepida,Eukaryota;Animals;Mammals,2353.86,0,0,0,1
Nomascus leucogenys,Eukaryota;Animals;Mammals,2843.98,26,1,0,2
Nycticebus coucang,Eukaryota;Animals;Mammals,3294.56,0,0,0,1
Ochotona princeps,Eukaryota;Animals;Mammals,2231.49,33,1,0,3
Ondatra zibethicus,Eukaryota;Animals;Mammals,2562.75,0,0,0,1
Onychomys torridus,Eukaryota;Animals;Mammals,2468.39,24,0,0,2
Orcinus orca,Eukaryota;Animals;Mammals,2372.92,0,1,0,1
Orientallactaga bullata,Eukaryota;Animals;Mammals,3093.58,0,0,0,1
Oryctolagus cuniculus,Eukaryota;Animals;Mammals,2737.46,22,1,0,3
Otolemur garnettii,Eukaryota;Animals;Mammals,2519.72,0,0,0,1
Ovis aries,Eukaryota;Animals;Mammals,2869.91,27,1,0,5
Pan paniscus,Eukaryota;Animals;Mammals,3286.64,24,1,0,3
Pan troglodytes,Eukaryota;Animals;Mammals,3050.4,25,1,0,6
Pantholops hodgsonii,Eukaryota;Animals;Mammals,2696.89,0,0,0,1
Papio anubis,Eukaryota;Animals;Mammals,2869.82,22,1,0,2
Pedetes capensis,Eukaryota;Animals;Mammals,2850.08,0,0,0,1
Perognathus longimembris,Eukaryota;Animals;Mammals,2601.7,0,0,0,1
Peromyscus attwateri,Eukaryota;Animals;Mammals,2494.79,0,0,0,1
Peromyscus aztecus,Eukaryota;Animals;Mammals,2488.4,0,0,0,1
Peromyscus californicus,Eukaryota;Animals;Mammals,2561.16,0,0,0,1
Peromyscus eremicus,Eukaryota;Animals;Mammals,2713.54,0,0,0,1
Peromyscus leucopus,Eukaryota;Animals;Mammals,2475.18,24,1,0,1
Peromyscus maniculatus,Eukaryota;Animals;Mammals,2630.54,0,0,0,2
Peromyscus melanophrys,Eukaryota;Animals;Mammals,2403.71,0,0,0,1
Peromyscus nudipes,Eukaryota;Animals;Mammals,2440.38,0,0,0,1
Peromyscus polionotus,Eukaryota;Animals;Mammals,2645.11,24,0,0,1
Petromus typicus,Eukaryota;Animals;Mammals,2389.37,0,0,0,1
Philantomba maxwellii,Eukaryota;Animals;Mammals,3145.94,0,0,0,1
Phocoena phocoena,Eukaryota;Animals;Mammals,2391.78,0,0,0,2
Phocoena sinus,Eukaryota;Animals;Mammals,2371.52,22,1,0,2
Phodopus sungorus,Eukaryota;Animals;Mammals,2003.23,0,0,0,1
Physeter catodon,Eukaryota;Animals;Mammals,2512.15,21,1,0,3
Piliocolobus tephrosceles,Eukaryota;Animals;Mammals,3038,23,0,0,1
Pithecia pithecia,Eukaryota;Animals;Mammals,2933.56,0,0,0,1
Platanista minor,Eukaryota;Animals;Mammals,2671.07,0,0,0,1
Plecturocebus donacophilus,Eukaryota;Animals;Mammals,2959.76,0,0,0,1
Pongo abelii,Eukaryota;Animals;Mammals,3065.05,24,1,0,4
Pongo pygmaeus,Eukaryota;Animals;Mammals,136.303,1,0,0,1
Pontoporia blainvillei,Eukaryota;Animals;Mammals,2011.75,0,0,0,2
Prolemur simus,Eukaryota;Animals;Mammals,2411.59,0,0,0,1
Propithecus coquereli,Eukaryota;Animals;Mammals,2798.15,0,1,0,1
Przewalskium albirostris,Eukaryota;Animals;Mammals,2692.23,0,0,0,1
Psammomys obesus,Eukaryota;Animals;Mammals,2365.77,0,0,0,1
Pteropus giganteus,Eukaryota;Animals;Mammals,1985.22,0,0,0,1
Puma yagouaroundi,Eukaryota;Animals;Mammals,2473.12,0,0,0,1
Pygathrix nemaeus,Eukaryota;Animals;Mammals,3217.15,0,0,0,1
Rangifer tarandus,Eukaryota;Animals;Mammals,2537.22,0,1,0,2
Rattus norvegicus,Eukaryota;Animals;Mammals,2870.18,22,1,0,10
Rattus rattus,Eukaryota;Animals;Mammals,2382.79,20,1,0,2
Rhinolophus sinicus,Eukaryota;Animals;Mammals,2073.34,0,0,0,1
Rhinopithecus bieti,Eukaryota;Animals;Mammals,2977.07,0,1,0,1
Rhinopithecus roxellana,Eukaryota;Animals;Mammals,3038.48,22,1,0,2
Rhizomys pruinosus,Eukaryota;Animals;Mammals,3711.97,0,0,0,2
Rhombomys opimus,Eukaryota;Animals;Mammals,2376.01,0,0,0,1
Rousettus aegyptiacus,Eukaryota;Animals;Mammals,1893.6,0,1,0,4
Saguinus imperator,Eukaryota;Animals;Mammals,3493.72,0,0,0,1
Saimiri boliviensis boliviensis,Eukaryota;Animals;Mammals,2608.59,0,1,0,1
Sapajus apella,Eukaryota;Animals;Mammals,2729.2,0,0,0,1
Sciurus carolinensis,Eukaryota;Animals;Mammals,2815.41,21,1,0,2
Sciurus vulgaris,Eukaryota;Animals;Mammals,2878.61,21,1,0,2
Semnopithecus entellus,Eukaryota;Animals;Mammals,3033.04,0,0,0,1
Sigmodon hispidus,Eukaryota;Animals;Mammals,2730.6,0,0,0,1
Sorex araneus,Eukaryota;Animals;Mammals,2423.16,0,0,0,1
Sousa chinensis,Eukaryota;Animals;Mammals,2338.88,0,0,0,2
Spermophilus dauricus,Eukaryota;Animals;Mammals,3106.27,0,0,0,1
Sus scrofa,Eukaryota;Animals;Mammals,2501.91,20,1,0,19
Theropithecus gelada,Eukaryota;Animals;Mammals,2889.63,22,1,0,1
Trachypithecus francoisi,Eukaryota;Animals;Mammals,2875.57,0,1,0,2
Tursiops aduncus,Eukaryota;Animals;Mammals,2503.93,0,0,0,2
Tursiops truncatus,Eukaryota;Animals;Mammals,2378.52,22,1,0,7
Urocitellus parryii,Eukaryota;Animals;Mammals,2520.51,0,0,0,1
Xerus inauris,Eukaryota;Animals;Mammals,2601.42,0,0,0,1
Zapus hudsonius,Eukaryota;Animals;Mammals,2611.19,0,0,0,1
Ziphius cavirostris,Eukaryota;Animals;Mammals,3150.42,0,0,0,1
Acipenser oxyrinchus,Eukaryota;Animals;Fishes,991.502,0,0,0,1
Acipenser ruthenus,Eukaryota;Animals;Fishes,1830.5,60,1,0,4
Anguilla anguilla,Eukaryota;Animals;Fishes,979.046,19,1,0,3
Anguilla japonica,Eukaryota;Animals;Fishes,966.917,0,0,0,5
Anguilla marmorata,Eukaryota;Animals;Fishes,882.007,0,0,0,1
Anguilla megastoma,Eukaryota;Animals;Fishes,877.766,0,0,0,1
Anguilla obscura,Eukaryota;Animals;Fishes,882.39,0,0,0,1
Anguilla rostrata,Eukaryota;Animals;Fishes,1413.03,0,1,0,1
Arapaima gigas,Eukaryota;Animals;Fishes,661.279,0,0,0,2
Benthosema glaciale,Eukaryota;Animals;Fishes,676.314,0,0,0,1
Borostomias antarcticus,Eukaryota;Animals;Fishes,430.363,0,0,0,1
Brevimyrus niger,Eukaryota;Animals;Fishes,749.215,0,0,0,1
Chanos chanos,Eukaryota;Animals;Fishes,656.929,16,1,0,2
Clupea harengus,Eukaryota;Animals;Fishes,725.687,26,1,0,4
Coregonus,Eukaryota;Animals;Fishes,2068.07,40,0,0,1
Danionella dracula,Eukaryota;Animals;Fishes,665.208,0,0,0,1
Danionella translucida,Eukaryota;Animals;Fishes,657.501,0,0,0,2
Denticeps clupeoides,Eukaryota;Animals;Fishes,567.401,20,0,0,2
Erpetoichthys calabaricus,Eukaryota;Animals;Fishes,3811.04,18,1,0,2
Esox lucius,Eukaryota;Animals;Fishes,918.749,25,1,0,5
Guentherus altivela,Eukaryota;Animals;Fishes,539.599,0,0,0,1
Gymnarchus niloticus,Eukaryota;Animals;Fishes,653.962,0,0,0,1
Hucho hucho,Eukaryota;Animals;Fishes,2487.55,0,0,0,1
Latimeria chalumnae,Eukaryota;Animals;Fishes,2860.59,0,1,0,2
Lepisosteus oculatus,Eukaryota;Animals;Fishes,945.878,29,1,0,1
Mallotus villosus,Eukaryota;Animals;Fishes,490.878,0,0,0,1
Megalops cyprinoides,Eukaryota;Animals;Fishes,959.259,25,1,0,2
Mormyrus iriodes,Eukaryota;Animals;Fishes,756.95,0,0,0,1
Mormyrus lacerda,Eukaryota;Animals;Fishes,796.858,0,0,0,1
Neoceratodus forsteri,Eukaryota;Animals;Fishes,0,0,0,0,0
Oncorhynchus keta,Eukaryota;Animals;Fishes,1853.1,37,1,0,1
Oncorhynchus kisutch,Eukaryota;Animals;Fishes,2375.91,30,1,0,1
Oncorhynchus mykiss,Eukaryota;Animals;Fishes,2341.69,32,1,0,3
Oncorhynchus nerka,Eukaryota;Animals;Fishes,1927.14,29,1,0,1
Oncorhynchus tshawytscha,Eukaryota;Animals;Fishes,2425.71,34,1,0,2
Osmerus eperlanus,Eukaryota;Animals;Fishes,342.759,0,0,0,1
Paramormyrops kingsleyae,Eukaryota;Animals;Fishes,799.421,0,0,0,1
Polymixia japonica,Eukaryota;Animals;Fishes,554.896,0,0,0,1
Protosalanx chinensis,Eukaryota;Animals;Fishes,466.694,0,0,0,1
Salmo salar,Eukaryota;Animals;Fishes,2966.89,29,1,0,1
Salmo trutta,Eukaryota;Animals;Fishes,2371.88,40,1,0,1
Salvelinus,Eukaryota;Animals;Fishes,2169.55,39,1,0,1
Scleropages formosus,Eukaryota;Animals;Fishes,784.563,25,1,0,6
Sinocyclocheilus rhinocerous,Eukaryota;Animals;Fishes,1655.79,0,1,0,1
Thymallus thymallus,Eukaryota;Animals;Fishes,1564.83,51,1,0,1
Typhlichthys subterraneus,Eukaryota;Animals;Fishes,555.56,0,0,0,1
Acanthochaenus luetkenii,Eukaryota;Animals;Fishes,545.759,0,0,0,1
Acanthochromis polyacanthus,Eukaryota;Animals;Fishes,991.585,0,0,0,1
Acanthopagrus latus,Eukaryota;Animals;Fishes,685.144,24,1,0,3
Aeoliscus strigatus,Eukaryota;Animals;Fishes,381.316,0,0,0,1
Ageneiosus marmoratus,Eukaryota;Animals;Fishes,1030,0,0,0,1
Altolamprologus calvus,Eukaryota;Animals;Fishes,703.299,0,0,0,2
Altolamprologus compressiceps,Eukaryota;Animals;Fishes,704.179,0,0,0,2
Ameiurus melas,Eukaryota;Animals;Fishes,868.497,29,0,0,1
Amphilophus citrinellus,Eukaryota;Animals;Fishes,961.231,21,1,0,2
Amphilophus zaliosus,Eukaryota;Animals;Fishes,691.927,0,0,0,1
Amphiprion ocellaris,Eukaryota;Animals;Fishes,880.721,0,1,0,1
Amphiprion percula,Eukaryota;Animals;Fishes,908.956,24,1,0,1
Anabarilius grahami,Eukaryota;Animals;Fishes,991.887,0,0,0,1
Anabas testudineus,Eukaryota;Animals;Fishes,555.658,23,1,0,3
Anableps anableps,Eukaryota;Animals;Fishes,867.633,24,1,0,2
Anarrhichthys ocellatus,Eukaryota;Animals;Fishes,612.791,0,1,0,1
Andinoacara biseriatus,Eukaryota;Animals;Fishes,682.786,0,0,0,1
Anoplogaster cornuta,Eukaryota;Animals;Fishes,404.845,0,0,0,1
Anoplopoma fimbria,Eukaryota;Animals;Fishes,784.187,0,0,0,1
Antennarius maculatus,Eukaryota;Animals;Fishes,549.95,24,1,0,2
Antennarius striatus,Eukaryota;Animals;Fishes,441.857,0,0,0,1
Aphyosemion australe,Eukaryota;Animals;Fishes,868.349,0,0,0,1
Apistogramma diplotaenia,Eukaryota;Animals;Fishes,627.074,0,0,0,1
Archocentrus centrarchus,Eukaryota;Animals;Fishes,932.93,24,1,0,2
Arctogadus glacialis,Eukaryota;Animals;Fishes,428.792,0,0,0,1
Argyrosomus japonicus,Eukaryota;Animals;Fishes,791.96,0,0,0,1
Astatoreochromis straeleni,Eukaryota;Animals;Fishes,689.581,0,0,0,1
Astatotilapia calliptera,Eukaryota;Animals;Fishes,880.446,22,1,0,1
Astatotilapia flaviijosephi,Eukaryota;Animals;Fishes,648.775,0,0,0,1
Astatotilapia stappersii,Eukaryota;Animals;Fishes,688.207,0,0,0,1
Astyanax mexicanus,Eukaryota;Animals;Fishes,1335.24,25,0,0,2
Aulonocranus dewindti,Eukaryota;Animals;Fishes,678.091,0,0,0,2
Australoheros scitulus,Eukaryota;Animals;Fishes,709.571,0,0,0,1
Austrofundulus limnaeus,Eukaryota;Animals;Fishes,866.963,0,0,0,1
Bagarius yarrelli,Eukaryota;Animals;Fishes,570.807,0,0,0,1
Baileychromis centropomoides,Eukaryota;Animals;Fishes,706.241,0,0,0,2
Bathybates fasciatus,Eukaryota;Animals;Fishes,716.744,0,0,0,2
Bathybates ferox,Eukaryota;Animals;Fishes,688.524,0,0,0,2
Bathybates graueri,Eukaryota;Animals;Fishes,707.44,0,0,0,2
Bathybates hornii,Eukaryota;Animals;Fishes,723.041,0,0,0,2
Bathybates leo,Eukaryota;Animals;Fishes,683.124,0,0,0,1
Bathybates minor,Eukaryota;Animals;Fishes,692.256,0,0,0,2
Bathybates vittatus,Eukaryota;Animals;Fishes,703.167,0,0,0,3
Bathygadus melanobranchus,Eukaryota;Animals;Fishes,431.203,0,0,0,1
Benitochromis conjunctus,Eukaryota;Animals;Fishes,665.781,0,0,0,1
Benthochromis horii,Eukaryota;Animals;Fishes,691.641,0,0,0,1
Benthochromis melanoides,Eukaryota;Animals;Fishes,691.445,0,0,0,3
Benthochromis tricoti,Eukaryota;Animals;Fishes,675.406,0,0,0,2
Beryx splendens,Eukaryota;Animals;Fishes,533.268,0,0,0,1
Betta splendens,Eukaryota;Animals;Fishes,456.232,21,1,0,4
Boleophthalmus pectinirostris,Eukaryota;Animals;Fishes,955.752,0,1,0,1
Boreogadus saida,Eukaryota;Animals;Fishes,412.07,0,0,0,1
Boulengerochromis microlepis,Eukaryota;Animals;Fishes,728.877,0,0,0,2
Bregmaceros cantori,Eukaryota;Animals;Fishes,1144.1,0,0,0,1
Brosme brosme,Eukaryota;Animals;Fishes,412.731,0,0,0,1
Brotula barbata,Eukaryota;Animals;Fishes,485.061,0,0,0,1
Bujurquina vittata,Eukaryota;Animals;Fishes,685.844,0,0,0,1
Callochromis macrops,Eukaryota;Animals;Fishes,698.767,0,0,0,2
Callochromis melanostigma,Eukaryota;Animals;Fishes,685.972,0,0,0,2
Callochromis pleurospilus,Eukaryota;Animals;Fishes,709.188,0,0,0,2
Callopanchax toddi,Eukaryota;Animals;Fishes,853.386,0,0,0,1
Carapus acus,Eukaryota;Animals;Fishes,387.834,0,0,0,1
Carassius auratus,Eukaryota;Animals;Fishes,1820.64,59,1,0,4
Cardiopharynx schoutedeni,Eukaryota;Animals;Fishes,702.721,0,0,0,2
Cebidichthys violaceus,Eukaryota;Animals;Fishes,593.001,0,0,0,1
Cetomimus,Eukaryota;Animals;Fishes,404.872,0,0,0,1
Chaenocephalus aceratus,Eukaryota;Animals;Fishes,623.452,0,0,0,1
Chaenogobius annularis,Eukaryota;Animals;Fishes,747.41,0,0,0,1
Chalinochromis brichardi,Eukaryota;Animals;Fishes,695.645,0,0,0,2
Chalinochromis cyanophleps,Eukaryota;Animals;Fishes,701.142,0,0,0,2
Chalinochromis popelini,Eukaryota;Animals;Fishes,689.824,0,0,0,2
Channa argus,Eukaryota;Animals;Fishes,644.13,24,0,0,1
Chatrabus melanurus,Eukaryota;Animals;Fishes,1128.44,0,0,0,1
Chionodraco hamatus,Eukaryota;Animals;Fishes,829.466,0,0,0,1
Chionodraco myersi,Eukaryota;Animals;Fishes,1120.1,0,0,0,1
Chromis chromis,Eukaryota;Animals;Fishes,834.429,0,0,0,1
Cirrhinus molitorella,Eukaryota;Animals;Fishes,920.273,0,0,0,1
Clarias batrachus,Eukaryota;Animals;Fishes,821.75,0,0,0,1
Clarias macrocephalus,Eukaryota;Animals;Fishes,883.399,0,0,0,1
Clarias magur,Eukaryota;Animals;Fishes,941.297,0,0,0,1
Coilia nasus,Eukaryota;Animals;Fishes,812.16,24,0,0,1
Collichthys lucidus,Eukaryota;Animals;Fishes,877.615,24,0,0,2
Colossoma macropomum,Eukaryota;Animals;Fishes,1221.85,0,0,0,2
Coptodon bakossiorum,Eukaryota;Animals;Fishes,729.868,0,0,0,1
Coptodon rendalli,Eukaryota;Animals;Fishes,734.511,0,0,0,1
Coreoperca whiteheadi,Eukaryota;Animals;Fishes,712.451,24,0,0,1
Coryphaenoides rupestris,Eukaryota;Animals;Fishes,829.209,0,0,0,1
Cottoperca gobio,Eukaryota;Animals;Fishes,609.392,24,0,0,2
Cottus rhenanus,Eukaryota;Animals;Fishes,563.609,0,0,0,1
Cromileptes altivelis,Eukaryota;Animals;Fishes,1013.37,24,0,0,1
Ctenochromis horei,Eukaryota;Animals;Fishes,691.579,0,0,0,2
Culter alburnus,Eukaryota;Animals;Fishes,1017.71,0,0,0,1
Cunningtonia longiventralis,Eukaryota;Animals;Fishes,667.63,0,0,0,2
Cyathopharynx foae,Eukaryota;Animals;Fishes,669.536,0,0,0,2
Cyathopharynx furcifer,Eukaryota;Animals;Fishes,693.095,0,0,0,2
Cyclopterus lumpus,Eukaryota;Animals;Fishes,572.886,25,1,0,2
Cynoglossus semilaevis,Eukaryota;Animals;Fishes,470.199,22,1,0,1
Cyphotilapia frontosa,Eukaryota;Animals;Fishes,692.801,0,0,0,2
Cyphotilapia gibberosa,Eukaryota;Animals;Fishes,707.718,0,0,0,2
Cyprichromis coloratus,Eukaryota;Animals;Fishes,702.549,0,0,0,2
Cyprichromis leptosoma,Eukaryota;Animals;Fishes,686.587,0,0,0,2
Cyprichromis microlepidotus,Eukaryota;Animals;Fishes,680.369,0,0,0,2
Cyprichromis pavo,Eukaryota;Animals;Fishes,684.651,0,0,0,2
Cyprichromis zonatus,Eukaryota;Animals;Fishes,696.218,0,0,0,2
Cyprinodon nevadensis,Eukaryota;Animals;Fishes,1011.85,0,0,0,1
Cyprinodon tularosa,Eukaryota;Animals;Fishes,1086.88,0,1,0,1
Cyprinodon variegatus,Eukaryota;Animals;Fishes,1035.18,0,1,0,1
Cyprinus carpio,Eukaryota;Animals;Fishes,1713.66,50,1,0,5
Cyttopsis rosea,Eukaryota;Animals;Fishes,546.506,0,0,0,1
Dactylopterus volitans,Eukaryota;Animals;Fishes,576.983,0,0,0,1
Danio aesculapii,Eukaryota;Animals;Fishes,1381.49,25,0,0,2
Danio albolineatus,Eukaryota;Animals;Fishes,1463.02,0,0,0,1
Danio choprai,Eukaryota;Animals;Fishes,1102.16,0,0,0,1
Danio jaintianensis,Eukaryota;Animals;Fishes,1122.5,0,0,0,1
Danio kyathit,Eukaryota;Animals;Fishes,1708.45,25,0,0,2
Danio rerio,Eukaryota;Animals;Fishes,1679.2,25,1,0,10
Danio tinwini,Eukaryota;Animals;Fishes,1497.36,0,0,0,1
Datnioides undecimradiatus,Eukaryota;Animals;Fishes,595.034,0,0,0,1
Dicentrarchus labrax,Eukaryota;Animals;Fishes,675.917,0,0,0,2
Diplodus sargus,Eukaryota;Animals;Fishes,784.049,0,0,0,1
Diretmoides pauciradiatus,Eukaryota;Animals;Fishes,672.603,0,0,0,1
Diretmus argenteus,Eukaryota;Animals;Fishes,302.363,0,0,0,1
Dissostichus mawsoni,Eukaryota;Animals;Fishes,926.363,0,0,0,1
Dunckerocampus dactyliophorus,Eukaryota;Animals;Fishes,618.747,0,0,0,1
Echeneis naucrates,Eukaryota;Animals;Fishes,544.229,24,1,0,2
Ectodus descampsii,Eukaryota;Animals;Fishes,697.274,0,0,0,2
Electrophorus electricus,Eukaryota;Animals;Fishes,589.359,26,1,0,3
Eleutheronema tetradactylum,Eukaryota;Animals;Fishes,610.498,0,0,0,1
Enantiopus melanogenys,Eukaryota;Animals;Fishes,707.231,0,0,0,2
Entelurus aequoreus,Eukaryota;Animals;Fishes,556.774,0,0,0,1
Epinephelus coioides,Eukaryota;Animals;Fishes,1023.56,0,0,0,1
Epinephelus fuscoguttatus,Eukaryota;Animals;Fishes,1047,24,0,0,1
Epinephelus lanceolatus,Eukaryota;Animals;Fishes,1087.42,24,1,0,1
Epinephelus moara,Eukaryota;Animals;Fishes,1030.46,24,0,0,1
Eretmodus cyanostictus,Eukaryota;Animals;Fishes,720.832,0,0,0,2
Eretmodus marksmithi,Eukaryota;Animals;Fishes,714.658,0,0,0,2
Etheostoma cragini,Eukaryota;Animals;Fishes,643.079,24,0,0,1
Etheostoma spectabile,Eukaryota;Animals;Fishes,854.807,24,1,0,1
Etia nguti,Eukaryota;Animals;Fishes,737.182,0,0,0,1
Etroplus canarensis,Eukaryota;Animals;Fishes,975.369,0,0,0,1
Fistularia tabacaria,Eukaryota;Animals;Fishes,593.175,0,0,0,1
Fundulus heteroclitus,Eukaryota;Animals;Fishes,1203.51,24,1,0,2
Gadiculus argenteus,Eukaryota;Animals;Fishes,396.767,0,0,0,1
Gadus chalcogrammus,Eukaryota;Animals;Fishes,448.868,0,0,0,1
Gadus morhua,Eukaryota;Animals;Fishes,669.966,23,1,0,5
Gambusia affinis,Eukaryota;Animals;Fishes,598.663,0,0,0,1
Gambusia holbrooki,Eukaryota;Animals;Fishes,764.986,0,0,0,1
Gasterosteus aculeatus,Eukaryota;Animals;Fishes,467.452,0,0,0,5
Gasterosteus nipponicus,Eukaryota;Animals;Fishes,599.537,0,0,0,1
Gephyroberyx darwinii,Eukaryota;Animals;Fishes,535.046,0,0,0,1
Gnathochromis permaxillaris,Eukaryota;Animals;Fishes,700.75,0,0,0,2
Gnathochromis pfefferi,Eukaryota;Animals;Fishes,684.036,0,0,0,2
Gouania willdenowi,Eukaryota;Animals;Fishes,937.151,23,0,0,2
Grammatotria lemairii,Eukaryota;Animals;Fishes,711.002,0,0,0,2
Greenwoodochromis bellcrossi,Eukaryota;Animals;Fishes,715.593,0,0,0,1
Greenwoodochromis christyi,Eukaryota;Animals;Fishes,708.141,0,0,0,2
Gymnodraco acuticeps,Eukaryota;Animals;Fishes,996.888,0,0,0,2
Haplochromis burtoni,Eukaryota;Animals;Fishes,831.412,0,0,0,3
Haplochromis paludinosus,Eukaryota;Animals;Fishes,665.712,0,0,0,1
Haplochromis vanheusdeni,Eukaryota;Animals;Fishes,688.696,0,0,0,1
Haplotaxodon microlepis,Eukaryota;Animals;Fishes,725.878,0,0,0,1
Haplotaxodon trifasciatus,Eukaryota;Animals;Fishes,689.492,0,0,0,1
Harpagifer antarcticus,Eukaryota;Animals;Fishes,941.503,0,0,0,2
Helostoma temminkii,Eukaryota;Animals;Fishes,599.808,0,0,0,1
Hemibates koningsi,Eukaryota;Animals;Fishes,725.817,0,0,0,2
Hemibates stenosoma,Eukaryota;Animals;Fishes,693.608,0,0,0,2
Hemichromis elongatus,Eukaryota;Animals;Fishes,694.332,0,0,0,1
Heterochromis multidens,Eukaryota;Animals;Fishes,833.342,0,0,0,1
Heterotilapia buettikoferi,Eukaryota;Animals;Fishes,720.63,0,0,0,1
Hippocampus comes,Eukaryota;Animals;Fishes,493.776,0,1,0,1
Hippocampus kuda,Eukaryota;Animals;Fishes,444.948,0,0,0,1
Hippocampus whitei,Eukaryota;Animals;Fishes,432.755,0,0,0,1
Hippoglossus hippoglossus,Eukaryota;Animals;Fishes,596.793,24,1,0,2
Hippoglossus stenolepis,Eukaryota;Animals;Fishes,594.145,24,1,0,1
Holocentrus rufus,Eukaryota;Animals;Fishes,649.757,0,0,0,1
Hoplostethus atlanticus,Eukaryota;Animals;Fishes,520.173,0,0,0,1
Hypophthalmichthys molitrix,Eukaryota;Animals;Fishes,1104.68,0,0,0,1
Hypophthalmichthys nobilis,Eukaryota;Animals;Fishes,1012.06,0,0,0,1
Hypoplectrus puella,Eukaryota;Animals;Fishes,612.29,0,0,0,1
Ictalurus punctatus,Eukaryota;Animals;Fishes,1036.99,30,0,0,2
Interochromis loocki,Eukaryota;Animals;Fishes,694.364,0,0,0,2
Julidochromis dickfeldi,Eukaryota;Animals;Fishes,708.9,0,0,0,2
Julidochromis marksmithi,Eukaryota;Animals;Fishes,704.238,0,0,0,2
Julidochromis marlieri,Eukaryota;Animals;Fishes,706.627,0,0,0,2
Julidochromis ornatus,Eukaryota;Animals;Fishes,693.065,0,0,0,2
Julidochromis regani,Eukaryota;Animals;Fishes,685.84,0,0,0,2
Julidochromis transcriptus,Eukaryota;Animals;Fishes,713.111,0,0,0,2
Kryptolebias hermaphroditus,Eukaryota;Animals;Fishes,683.987,24,0,0,1
Kryptolebias marmoratus,Eukaryota;Animals;Fishes,680.656,24,1,0,2
Labeo catla,Eukaryota;Animals;Fishes,1232.08,0,0,0,2
Labeo gonius,Eukaryota;Animals;Fishes,738.295,0,0,0,1
Labeo rohita,Eukaryota;Animals;Fishes,1484.73,0,1,0,1
Labeotropheus fuelleborni,Eukaryota;Animals;Fishes,70.8584,0,0,0,1
Labrus bergylta,Eukaryota;Animals;Fishes,805.481,0,0,0,1
Laemonema laureysi,Eukaryota;Animals;Fishes,306.495,0,0,0,1
Lampris guttatus,Eukaryota;Animals;Fishes,849.278,0,0,0,1
Lamprogrammus exutus,Eukaryota;Animals;Fishes,492.85,0,0,0,1
Lamprologus callipterus,Eukaryota;Animals;Fishes,705.075,0,0,0,2
Lamprologus kungweensis,Eukaryota;Animals;Fishes,716.095,0,0,0,2
Lamprologus laparogramma,Eukaryota;Animals;Fishes,707.546,0,0,0,2
Lamprologus lemairii,Eukaryota;Animals;Fishes,675.674,0,0,0,2
Lamprologus meleagris,Eukaryota;Animals;Fishes,688.78,0,0,0,2
Lamprologus ocellatus,Eukaryota;Animals;Fishes,683.075,0,0,0,2
Lamprologus ornatipinnis,Eukaryota;Animals;Fishes,704.008,0,0,0,2
Lamprologus signatus,Eukaryota;Animals;Fishes,706.389,0,0,0,2
Lamprologus speciosus,Eukaryota;Animals;Fishes,715.006,0,0,0,2
Lamprologus tigripictilis,Eukaryota;Animals;Fishes,710.947,0,0,0,1
Larimichthys crocea,Eukaryota;Animals;Fishes,657.94,24,1,0,6
Larimichthys polyactis,Eukaryota;Animals;Fishes,694.447,0,0,0,1
Lateolabrax maculatus,Eukaryota;Animals;Fishes,519.239,24,0,0,2
Lates calcarifer,Eukaryota;Animals;Fishes,668.481,0,1,0,4
Lepidiolamprologus attenuatus,Eukaryota;Animals;Fishes,696.192,0,0,0,2
Lepidiolamprologus cunningtoni,Eukaryota;Animals;Fishes,717.162,0,0,0,2
Lepidiolamprologus elongatus,Eukaryota;Animals;Fishes,686.381,0,0,0,2
Lepidiolamprologus kamambae,Eukaryota;Animals;Fishes,698.496,0,0,0,2
Lepidiolamprologus kendalli,Eukaryota;Animals;Fishes,712.814,0,0,0,2
Lepidiolamprologus mimicus,Eukaryota;Animals;Fishes,684.93,0,0,0,2
Lepidiolamprologus profundicola,Eukaryota;Animals;Fishes,705.164,0,0,0,2
Lestradea perspicax,Eukaryota;Animals;Fishes,670.396,0,0,0,2
Lestradea stappersii,Eukaryota;Animals;Fishes,680.245,0,0,0,2
Lesueurigobius sanzi,Eukaryota;Animals;Fishes,810.626,0,0,0,1
Leuciscus waleckii,Eukaryota;Animals;Fishes,752.539,0,0,0,1
Limnochromis abeelei,Eukaryota;Animals;Fishes,694.209,0,0,0,2
Limnochromis auritus,Eukaryota;Animals;Fishes,690.306,0,0,0,2
Limnochromis staneri,Eukaryota;Animals;Fishes,715.887,0,0,0,3
Limnotilapia dardennii,Eukaryota;Animals;Fishes,683.731,0,0,0,2
Liparis tanakae,Eukaryota;Animals;Fishes,498.979,0,0,0,1
Lobochilotes labiatus,Eukaryota;Animals;Fishes,685.97,0,0,0,2
Lophius piscatorius,Eukaryota;Animals;Fishes,747.364,0,0,0,2
Lota lota,Eukaryota;Animals;Fishes,397.499,0,0,0,1
Lucifuga dentata,Eukaryota;Animals;Fishes,630.652,0,0,0,1
Lythrypnus dalli,Eukaryota;Animals;Fishes,830.692,0,0,0,1
Maccullochella peelii,Eukaryota;Animals;Fishes,633.241,0,0,0,1
Macquaria ambigua,Eukaryota;Animals;Fishes,661.429,0,0,0,1
Macquaria australasica,Eukaryota;Animals;Fishes,675.976,0,0,0,1
Macroramphosus scolopax,Eukaryota;Animals;Fishes,417.66,0,0,0,1
Macrourus berglax,Eukaryota;Animals;Fishes,399.876,0,0,0,1
Malacocephalus occidentalis,Eukaryota;Animals;Fishes,350.34,0,0,0,1
Mastacembelus armatus,Eukaryota;Animals;Fishes,591.952,24,1,0,2
Maylandia zebra,Eukaryota;Animals;Fishes,957.485,22,1,0,2
Mchenga conophoros,Eukaryota;Animals;Fishes,73.4256,0,0,0,1
Megalobrama amblycephala,Eukaryota;Animals;Fishes,1087.9,0,0,0,1
Melanochromis auratus,Eukaryota;Animals;Fishes,68.2386,0,0,0,1
Melanogrammus aeglefinus,Eukaryota;Animals;Fishes,652.791,0,0,0,2
Melanonus zugmayeri,Eukaryota;Animals;Fishes,432.903,0,0,0,1
Menidia beryllina,Eukaryota;Animals;Fishes,564.723,0,0,0,1
Merlangius merlangus,Eukaryota;Animals;Fishes,423.942,0,0,0,1
Merluccius capensis,Eukaryota;Animals;Fishes,414.317,0,0,0,1
Merluccius merluccius,Eukaryota;Animals;Fishes,401.035,0,0,0,1
Merluccius polli,Eukaryota;Animals;Fishes,401.149,0,0,0,1
Micropterus floridanus,Eukaryota;Animals;Fishes,1001.52,0,0,0,1
Micropterus salmoides,Eukaryota;Animals;Fishes,963.614,0,1,0,1
Miichthys miiuy,Eukaryota;Animals;Fishes,619.301,0,0,0,1
Mola mola,Eukaryota;Animals;Fishes,639.452,0,0,0,1
Molva molva,Eukaryota;Animals;Fishes,437.481,0,0,0,1
Monocentris japonicus,Eukaryota;Animals;Fishes,556.024,0,0,0,1
Monopterus albus,Eukaryota;Animals;Fishes,684.144,0,1,0,1
Mora moro,Eukaryota;Animals;Fishes,344.961,0,0,0,1
Morone chrysops,Eukaryota;Animals;Fishes,620.984,0,0,0,1
Morone saxatilis,Eukaryota;Animals;Fishes,598.127,0,1,0,2
Mullus surmuletus,Eukaryota;Animals;Fishes,533.324,0,0,0,2
Muraenolepis marmoratus,Eukaryota;Animals;Fishes,416.391,0,0,0,1
Myripristis jacobus,Eukaryota;Animals;Fishes,720.397,0,0,0,1
Myripristis murdjan,Eukaryota;Animals;Fishes,835.255,24,0,0,2
Nematolebias whitei,Eukaryota;Animals;Fishes,1218.32,0,0,0,1
Neogobius melanostomus,Eukaryota;Animals;Fishes,1003.74,0,0,0,1
Neolamprologus bifasciatus,Eukaryota;Animals;Fishes,695.689,0,0,0,2
Neolamprologus boulengeri,Eukaryota;Animals;Fishes,684.919,0,0,0,2
Neolamprologus brevis,Eukaryota;Animals;Fishes,665.719,0,0,0,2
Neolamprologus brichardi,Eukaryota;Animals;Fishes,847.91,0,1,0,3
Neolamprologus buescheri,Eukaryota;Animals;Fishes,688.596,0,0,0,2
Neolamprologus calliurus,Eukaryota;Animals;Fishes,698.644,0,0,0,2
Neolamprologus cancellatus,Eukaryota;Animals;Fishes,650.739,0,0,0,2
Neolamprologus caudopunctatus,Eukaryota;Animals;Fishes,716.78,0,0,0,2
Neolamprologus chitamwebwai,Eukaryota;Animals;Fishes,692.038,0,0,0,2
Neolamprologus christyi,Eukaryota;Animals;Fishes,699.214,0,0,0,2
Neolamprologus crassus,Eukaryota;Animals;Fishes,696.71,0,0,0,2
Neolamprologus cylindricus,Eukaryota;Animals;Fishes,711.904,0,0,0,2
Neolamprologus devosi,Eukaryota;Animals;Fishes,710.808,0,0,0,1
Neolamprologus falcicula,Eukaryota;Animals;Fishes,705.707,0,0,0,2
Neolamprologus fasciatus,Eukaryota;Animals;Fishes,707.392,0,0,0,2
Neolamprologus furcifer,Eukaryota;Animals;Fishes,719.345,0,0,0,2
Neolamprologus gracilis,Eukaryota;Animals;Fishes,717.379,0,0,0,2
Neolamprologus hecqui,Eukaryota;Animals;Fishes,715.079,0,0,0,3
Neolamprologus helianthus,Eukaryota;Animals;Fishes,714.502,0,0,0,2
Neolamprologus leleupi,Eukaryota;Animals;Fishes,711.354,0,0,0,1
Neolamprologus leloupi,Eukaryota;Animals;Fishes,704.203,0,0,0,2
Neolamprologus longicaudatus,Eukaryota;Animals;Fishes,712.97,0,0,0,2
Neolamprologus longior,Eukaryota;Animals;Fishes,720.966,0,0,0,2
Neolamprologus marunguensis,Eukaryota;Animals;Fishes,705.262,0,0,0,2
Neolamprologus meeli,Eukaryota;Animals;Fishes,705.985,0,0,0,2
Neolamprologus modestus,Eukaryota;Animals;Fishes,710.569,0,0,0,2
Neolamprologus mondabu,Eukaryota;Animals;Fishes,708.907,0,0,0,2
Neolamprologus multifasciatus,Eukaryota;Animals;Fishes,661.545,0,0,0,1
Neolamprologus mustax,Eukaryota;Animals;Fishes,695.925,0,0,0,2
Neolamprologus niger,Eukaryota;Animals;Fishes,688.901,0,0,0,2
Neolamprologus nigriventris,Eukaryota;Animals;Fishes,714.665,0,0,0,2
Neolamprologus obscurus,Eukaryota;Animals;Fishes,686.329,0,0,0,2
Neolamprologus olivaceous,Eukaryota;Animals;Fishes,711.189,0,0,0,2
Neolamprologus pectoralis,Eukaryota;Animals;Fishes,713.763,0,0,0,2
Neolamprologus petricola,Eukaryota;Animals;Fishes,697.605,0,0,0,2
Neolamprologus pleuromaculatus,Eukaryota;Animals;Fishes,710.437,0,0,0,2
Neolamprologus prochilus,Eukaryota;Animals;Fishes,682.294,0,0,0,2
Neolamprologus pulcher,Eukaryota;Animals;Fishes,688.077,0,0,0,2
Neolamprologus savoryi,Eukaryota;Animals;Fishes,697.329,0,0,0,2
Neolamprologus sexfasciatus,Eukaryota;Animals;Fishes,688.85,0,0,0,2
Neolamprologus similis,Eukaryota;Animals;Fishes,708.721,0,0,0,2
Neolamprologus tetracanthus,Eukaryota;Animals;Fishes,711.815,0,0,0,2
Neolamprologus timidus,Eukaryota;Animals;Fishes,690.529,0,0,0,2
Neolamprologus tretocephalus,Eukaryota;Animals;Fishes,694.869,0,0,0,2
Neolamprologus variostigma,Eukaryota;Animals;Fishes,720.959,0,0,0,2
Neolamprologus ventralis,Eukaryota;Animals;Fishes,711.836,0,0,0,2
Neolamprologus walteri,Eukaryota;Animals;Fishes,695.826,0,0,0,2
Neoniphon sammara,Eukaryota;Animals;Fishes,659.226,0,0,0,1
Neostethus bicornis,Eukaryota;Animals;Fishes,778.441,24,0,0,2
Nerophis ophidion,Eukaryota;Animals;Fishes,976.361,0,0,0,1
Nibea albiflora,Eukaryota;Animals;Fishes,627.579,24,0,0,2
Nothobranchius furzeri,Eukaryota;Animals;Fishes,1242.52,19,1,0,5
Nothobranchius kuhntae,Eukaryota;Animals;Fishes,1122.66,0,0,0,2
Notolabrus celidotus,Eukaryota;Animals;Fishes,846.744,24,1,0,2
Notothenia coriiceps,Eukaryota;Animals;Fishes,636.614,0,1,0,1
Odontesthes bonariensis,Eukaryota;Animals;Fishes,870.33,0,0,0,1
Ompok bimaculatus,Eukaryota;Animals;Fishes,718.109,0,0,0,1
Onychostoma macrolepis,Eukaryota;Animals;Fishes,886.57,25,0,0,1
Ophiodon elongatus,Eukaryota;Animals;Fishes,635.568,0,0,0,1
Ophthalmotilapia boops,Eukaryota;Animals;Fishes,677.593,0,0,0,2
Ophthalmotilapia heterodonta,Eukaryota;Animals;Fishes,683.285,0,0,0,2
Ophthalmotilapia nasuta,Eukaryota;Animals;Fishes,692.59,0,0,0,2
Ophthalmotilapia ventralis,Eukaryota;Animals;Fishes,668.909,0,0,0,2
Oplegnathus fasciatus,Eukaryota;Animals;Fishes,766.301,0,0,0,1
Opsanus beta,Eukaryota;Animals;Fishes,1028.78,0,0,0,1
Oreochromis aureus,Eukaryota;Animals;Fishes,918.954,0,1,0,2
Oreochromis malagarasi,Eukaryota;Animals;Fishes,705.671,0,0,0,1
Oreochromis niloticus,Eukaryota;Animals;Fishes,1005.68,22,1,0,3
Oreochromis spilurus,Eukaryota;Animals;Fishes,764.975,0,0,0,1
Oreochromis tanganicae,Eukaryota;Animals;Fishes,743.039,0,0,0,2
Orthochromis indermauri,Eukaryota;Animals;Fishes,715.093,0,0,0,2
Orthochromis malagaraziensis,Eukaryota;Animals;Fishes,685.575,0,0,0,1
Orthochromis mazimeroensis,Eukaryota;Animals;Fishes,683.263,0,0,0,1
Orthochromis uvinzae,Eukaryota;Animals;Fishes,685.472,0,0,0,1
Oryzias celebensis,Eukaryota;Animals;Fishes,688.105,0,0,0,1
Oryzias javanicus,Eukaryota;Animals;Fishes,809.68,24,0,0,1
Oryzias latipes,Eukaryota;Animals;Fishes,734.057,24,1,0,8
Oryzias melastigma,Eukaryota;Animals;Fishes,778.704,24,1,0,2
Oryzias sinensis,Eukaryota;Animals;Fishes,813.987,0,0,0,1
Oxygymnocypris stewartii,Eukaryota;Animals;Fishes,1849.22,0,0,0,1
Pachypanchax playfairii,Eukaryota;Animals;Fishes,669.774,0,0,0,1
Pagrus major,Eukaryota;Animals;Fishes,875.465,0,0,0,1
Pampus argenteus,Eukaryota;Animals;Fishes,350.449,0,0,0,1
Pangasianodon hypophthalmus,Eukaryota;Animals;Fishes,758.974,30,1,0,2
Pao palembangensis,Eukaryota;Animals;Fishes,356.042,18,0,0,1
Parablennius parvicornis,Eukaryota;Animals;Fishes,599.249,0,0,0,1
Paracyprichromis brieni,Eukaryota;Animals;Fishes,691.561,0,0,0,2
Paracyprichromis nigripinnis,Eukaryota;Animals;Fishes,701.603,0,0,0,2
Paralichthys olivaceus,Eukaryota;Animals;Fishes,643.911,0,1,0,2
Parambassis ranga,Eukaryota;Animals;Fishes,551.013,22,0,0,2
Parasudis fraserbrunneri,Eukaryota;Animals;Fishes,707.987,0,0,0,1
Paratilapia polleni,Eukaryota;Animals;Fishes,814.015,0,0,0,1
Pelmatolapia mariae,Eukaryota;Animals;Fishes,742.559,0,0,0,1
Pelvicachromis taeniatus,Eukaryota;Animals;Fishes,693.29,0,0,0,2
Perca flavescens,Eukaryota;Animals;Fishes,877.456,24,1,0,2
Perca fluviatilis,Eukaryota;Animals;Fishes,951.363,24,1,0,3
Percina caprodes,Eukaryota;Animals;Fishes,1011.96,0,0,0,1
Percopsis transmontana,Eukaryota;Animals;Fishes,458.089,0,0,0,1
Periophthalmodon schlosseri,Eukaryota;Animals;Fishes,679.761,0,0,0,1
Periophthalmus magnuspinnatus,Eukaryota;Animals;Fishes,752.622,25,1,0,3
Perissodus eccentricus,Eukaryota;Animals;Fishes,717.642,0,0,0,2
Perissodus microlepis,Eukaryota;Animals;Fishes,703.474,0,0,0,2
Perissodus multidentatus,Eukaryota;Animals;Fishes,716.641,0,0,0,2
Petrochromis famula,Eukaryota;Animals;Fishes,684.082,0,0,0,2
Petrochromis fasciolatus,Eukaryota;Animals;Fishes,673.261,0,0,0,2
Petrochromis horii,Eukaryota;Animals;Fishes,702.243,0,0,0,2
Petrochromis macrognathus,Eukaryota;Animals;Fishes,693.426,0,0,0,2
Petrochromis orthognathus,Eukaryota;Animals;Fishes,704.347,0,0,0,2
Petrochromis polyodon,Eukaryota;Animals;Fishes,684.674,0,0,0,2
Petrochromis trewavasae,Eukaryota;Animals;Fishes,917.574,0,0,0,5
Pharyngochromis acuticeps,Eukaryota;Animals;Fishes,703.218,0,0,0,1
Phycis blennoides,Eukaryota;Animals;Fishes,416.767,0,0,0,1
Phycis phycis,Eukaryota;Animals;Fishes,346.335,0,0,0,1
Pimephales promelas,Eukaryota;Animals;Fishes,1219.33,0,0,0,2
Planiliza haematocheilus,Eukaryota;Animals;Fishes,747.343,0,0,0,1
Plecodus elaviae,Eukaryota;Animals;Fishes,697.72,0,0,0,2
Plecodus paradoxus,Eukaryota;Animals;Fishes,706.454,0,0,0,2
Plecodus straeleni,Eukaryota;Animals;Fishes,713.795,0,0,0,2
Plectropomus leopardus,Eukaryota;Animals;Fishes,787.6,24,0,0,2
Poecilia formosa,Eukaryota;Animals;Fishes,748.923,0,0,0,3
Poecilia latipinna,Eukaryota;Animals;Fishes,815.145,0,0,0,1
Poecilia mexicana,Eukaryota;Animals;Fishes,801.711,0,0,0,1
Poecilia reticulata,Eukaryota;Animals;Fishes,731.622,23,1,0,2
Poeciliopsis occidentalis,Eukaryota;Animals;Fishes,724.24,0,0,0,1
Poeciliopsis retropinna,Eukaryota;Animals;Fishes,621.859,0,1,0,1
Poeciliopsis turrubarensis,Eukaryota;Animals;Fishes,596.997,0,0,0,1
Pollachius virens,Eukaryota;Animals;Fishes,394.928,0,0,0,1
Poropuntius huangchuchieni,Eukaryota;Animals;Fishes,760.177,0,0,0,1
Pseudochaenichthys georgianus,Eukaryota;Animals;Fishes,1026.1,24,0,0,2
Pseudochromis fuscus,Eukaryota;Animals;Fishes,657.041,0,0,0,1
Pseudoliparis,Eukaryota;Animals;Fishes,840.641,0,0,0,1
Pseudopleuronectes yokohamae,Eukaryota;Animals;Fishes,547.831,0,0,0,1
Pseudosimochromis babaulti,Eukaryota;Animals;Fishes,715.582,0,0,0,4
Pseudosimochromis curvifrons,Eukaryota;Animals;Fishes,705.94,0,0,0,2
Pseudosimochromis marginatus,Eukaryota;Animals;Fishes,706.278,0,0,0,4
Ptychochromis oligocanthus,Eukaryota;Animals;Fishes,707.022,0,0,0,1
Pundamilia nyererei,Eukaryota;Animals;Fishes,830.133,0,0,0,1
Pungitius pungitius,Eukaryota;Animals;Fishes,466.599,0,1,0,3
Pungu maclareni,Eukaryota;Animals;Fishes,723.317,0,0,0,1
Pygocentrus nattereri,Eukaryota;Animals;Fishes,1222.05,30,1,0,3
Regalecus glesne,Eukaryota;Animals;Fishes,656.004,0,0,0,1
Reganochromis calliurus,Eukaryota;Animals;Fishes,688.23,0,0,0,2
Reinhardtius hippoglossoides,Eukaryota;Animals;Fishes,677.541,0,0,0,1
Rhamphochromis esox,Eukaryota;Animals;Fishes,71.2951,0,0,0,1
Rondeletia loricata,Eukaryota;Animals;Fishes,568.598,0,0,0,1
Salarias fasciatus,Eukaryota;Animals;Fishes,797.507,22,1,0,2
Sander lucioperca,Eukaryota;Animals;Fishes,901.238,24,1,0,1
Sander vitreus,Eukaryota;Animals;Fishes,782.908,0,0,0,1
Sardina pilchardus,Eukaryota;Animals;Fishes,949.617,0,0,0,2
Sargochromis carlottae,Eukaryota;Animals;Fishes,706.232,0,0,0,1
Sarotherodon caroli,Eukaryota;Animals;Fishes,718.506,0,0,0,1
Sarotherodon lohbergeri,Eukaryota;Animals;Fishes,734.67,0,0,0,2
Sarotherodon steinbachi,Eukaryota;Animals;Fishes,725.751,0,0,0,1
Scartelaos histophorus,Eukaryota;Animals;Fishes,695.009,0,0,0,1
Sciaenops ocellatus,Eukaryota;Animals;Fishes,684.634,24,0,0,1
Scophthalmus maximus,Eukaryota;Animals;Fishes,556.697,22,1,0,5
Sebastes aleutianus,Eukaryota;Animals;Fishes,899.65,0,0,0,1
Sebastes koreanus,Eukaryota;Animals;Fishes,725.092,0,0,0,1
Sebastes minor,Eukaryota;Animals;Fishes,681.653,0,0,0,1
Sebastes nigrocinctus,Eukaryota;Animals;Fishes,746.045,0,0,0,1
Sebastes norvegicus,Eukaryota;Animals;Fishes,717.741,0,0,0,1
Sebastes nudus,Eukaryota;Animals;Fishes,724.045,0,0,0,1
Sebastes rubrivinctus,Eukaryota;Animals;Fishes,756.297,0,0,0,1
Sebastes schlegelii,Eukaryota;Animals;Fishes,848.025,24,0,0,2
Sebastes steindachneri,Eukaryota;Animals;Fishes,648.011,0,0,0,1
Sebastes umbrosus,Eukaryota;Animals;Fishes,800.904,24,1,0,2
Selene dorsalis,Eukaryota;Animals;Fishes,528.779,0,0,0,1
Seriola dumerili,Eukaryota;Animals;Fishes,677.686,0,1,0,1
Seriola lalandi,Eukaryota;Animals;Fishes,732.51,0,1,0,2
Seriola quinqueradiata,Eukaryota;Animals;Fishes,639.27,0,0,0,3
Seriola rivoliana,Eukaryota;Animals;Fishes,666.142,0,1,0,1
Serranochromis macrocephalus,Eukaryota;Animals;Fishes,720.263,0,0,0,1
Serranus cabrilla,Eukaryota;Animals;Fishes,630.579,0,0,0,1
Silurus glanis,Eukaryota;Animals;Fishes,793.359,0,1,0,1
Silurus meridionalis,Eukaryota;Animals;Fishes,742.58,29,0,0,1
Simochromis diagramma,Eukaryota;Animals;Fishes,848.827,0,0,0,3
Siniperca chuatsi,Eukaryota;Animals;Fishes,755.045,24,0,0,1
Siniperca knerii,Eukaryota;Animals;Fishes,723.564,24,0,0,1
Siniperca scherzeri,Eukaryota;Animals;Fishes,736.163,24,0,0,1
Sinocyclocheilus anshuiensis,Eukaryota;Animals;Fishes,1632.72,0,1,0,1
Sinocyclocheilus grahami,Eukaryota;Animals;Fishes,1750.29,0,1,0,1
Sparus aurata,Eukaryota;Animals;Fishes,833.595,24,1,0,3
Spathodus erythrodon,Eukaryota;Animals;Fishes,693.558,0,0,0,2
Spathodus marlieri,Eukaryota;Animals;Fishes,714.771,0,0,0,2
Sphaeramia orbicularis,Eukaryota;Animals;Fishes,1342.66,23,0,0,2
Spondyliosoma cantharus,Eukaryota;Animals;Fishes,680.472,0,0,0,1
Squalius pyrenaicus,Eukaryota;Animals;Fishes,48.1393,0,0,0,1
Stegastes partitus,Eukaryota;Animals;Fishes,800.492,0,0,0,1
Stomatepia pindu,Eukaryota;Animals;Fishes,726.966,0,0,0,1
Stylephorus chordatus,Eukaryota;Animals;Fishes,488.489,0,0,0,1
Symphodus melops,Eukaryota;Animals;Fishes,614.569,0,0,0,2
Syngnathus acus,Eukaryota;Animals;Fishes,324.331,22,1,0,2
Syngnathus floridae,Eukaryota;Animals;Fishes,367.728,0,0,0,1
Syngnathus rostellatus,Eukaryota;Animals;Fishes,283.186,0,0,0,1
Syngnathus typhle,Eukaryota;Animals;Fishes,314.581,0,0,0,1
Tachysurus fulvidraco,Eukaryota;Animals;Fishes,713.811,0,1,0,1
Takifugu bimaculatus,Eukaryota;Animals;Fishes,404.312,22,0,0,1
Takifugu flavidus,Eukaryota;Animals;Fishes,366.287,22,0,0,2
Takifugu rubripes,Eukaryota;Animals;Fishes,384.127,22,1,0,3
Tangachromis dhanisi,Eukaryota;Animals;Fishes,714.222,0,0,0,2
Tanganicodus irsacae,Eukaryota;Animals;Fishes,711.539,0,0,0,2
Telmatochromis bifrenatus,Eukaryota;Animals;Fishes,693.883,0,0,0,2
Telmatochromis brachygnathus,Eukaryota;Animals;Fishes,685.667,0,0,0,2
Telmatochromis brichardi,Eukaryota;Animals;Fishes,687.89,0,0,0,2
Telmatochromis dhonti,Eukaryota;Animals;Fishes,682.595,0,0,0,2
Telmatochromis temporalis,Eukaryota;Animals;Fishes,683.389,0,0,0,2
Telmatochromis vittatus,Eukaryota;Animals;Fishes,692.465,0,0,0,2
Tenualosa ilisha,Eukaryota;Animals;Fishes,908.833,0,0,0,3
Tetraodon nigroviridis,Eukaryota;Animals;Fishes,342.403,0,0,0,1
Thalassoma bifasciatum,Eukaryota;Animals;Fishes,1095.91,0,0,0,1
Thalassophryne amazonica,Eukaryota;Animals;Fishes,2446.59,23,0,0,2
Thamnaconus septentrionalis,Eukaryota;Animals;Fishes,474.31,20,0,0,1
Thoracochromis brauschi,Eukaryota;Animals;Fishes,709.114,0,0,0,1
Thunnus albacares,Eukaryota;Animals;Fishes,728.212,0,0,0,1
Thunnus orientalis,Eukaryota;Animals;Fishes,786.597,0,0,0,2
Thunnus thynnus,Eukaryota;Animals;Fishes,648.209,0,0,0,1
Tilapia brevimanus,Eukaryota;Animals;Fishes,746.799,0,0,0,1
Tilapia sparmanii,Eukaryota;Animals;Fishes,729.331,0,0,0,1
Trachinotus ovatus,Eukaryota;Animals;Fishes,648.062,0,0,0,2
Trachyrincus murrayi,Eukaryota;Animals;Fishes,452.417,0,0,0,1
Trachyrincus scabrus,Eukaryota;Animals;Fishes,369.862,0,0,0,1
Trematocara caparti,Eukaryota;Animals;Fishes,553.073,0,0,0,1
Trematocara macrostoma,Eukaryota;Animals;Fishes,705.805,0,0,0,2
Trematocara marginatum,Eukaryota;Animals;Fishes,678.914,0,0,0,2
Trematocara nigrifrons,Eukaryota;Animals;Fishes,701.135,0,0,0,2
Trematocara stigmaticum,Eukaryota;Animals;Fishes,676.194,0,0,0,2
Trematocara unimaculatum,Eukaryota;Animals;Fishes,705.42,0,0,0,2
Trematocara variabile,Eukaryota;Animals;Fishes,597.796,0,0,0,1
Trematocara zebra,Eukaryota;Animals;Fishes,662.98,0,0,0,2
Trematochromis benthicola,Eukaryota;Animals;Fishes,703.007,0,0,0,2
Trematomus bernacchii,Eukaryota;Animals;Fishes,867.125,0,0,0,2
Trematomus loennbergii,Eukaryota;Animals;Fishes,1210.52,0,0,0,1
Triglachromis otostigma,Eukaryota;Animals;Fishes,694.207,0,0,0,2
Triplophysa dalaica,Eukaryota;Animals;Fishes,607.924,25,0,0,1
Triplophysa siluroides,Eukaryota;Animals;Fishes,583.428,0,0,0,1
Triplophysa tibetana,Eukaryota;Animals;Fishes,652.93,25,0,0,1
Trisopterus minutus,Eukaryota;Animals;Fishes,334.717,0,0,0,1
Tropheus annectens,Eukaryota;Animals;Fishes,711.87,0,0,0,2
Tropheus brichardi,Eukaryota;Animals;Fishes,694.006,0,0,0,2
Tropheus duboisi,Eukaryota;Animals;Fishes,694.542,0,0,0,2
Tropheus moorii,Eukaryota;Animals;Fishes,911.127,0,0,0,3
Tropheus polli,Eukaryota;Animals;Fishes,710.635,0,0,0,2
Tylochromis polylepis,Eukaryota;Animals;Fishes,744.282,0,0,0,2
Variabilichromis moorii,Eukaryota;Animals;Fishes,716.054,0,0,0,2
Verasper variegatus,Eukaryota;Animals;Fishes,545.339,23,0,0,2
Xenentodon cancila,Eukaryota;Animals;Fishes,736.215,24,1,0,2
Xenochromis hecqui,Eukaryota;Animals;Fishes,706.075,0,0,0,2
Xenotilapia bathyphila,Eukaryota;Animals;Fishes,691.266,0,0,0,2
Xenotilapia boulengeri,Eukaryota;Animals;Fishes,684.286,0,0,0,2
Xenotilapia caudafasciata,Eukaryota;Animals;Fishes,686.449,0,0,0,2
Xenotilapia flavipinnis,Eukaryota;Animals;Fishes,714.266,0,0,0,2
Xenotilapia leptura,Eukaryota;Animals;Fishes,714.187,0,0,0,2
Xenotilapia longispinis,Eukaryota;Animals;Fishes,715.411,0,0,0,2
Xenotilapia nasus,Eukaryota;Animals;Fishes,701.096,0,0,0,2
Xenotilapia nigrolabiata,Eukaryota;Animals;Fishes,707.02,0,0,0,2
Xenotilapia ochrogenys,Eukaryota;Animals;Fishes,701.404,0,0,0,2
Xenotilapia ornatipinnis,Eukaryota;Animals;Fishes,696.016,0,0,0,2
Xenotilapia papilio,Eukaryota;Animals;Fishes,711.027,0,0,0,3
Xenotilapia rotundiventralis,Eukaryota;Animals;Fishes,704.55,0,0,0,2
Xenotilapia sima,Eukaryota;Animals;Fishes,695.916,0,0,0,4
Xenotilapia singularis,Eukaryota;Animals;Fishes,666.021,0,0,0,2
Xenotilapia spiloptera,Eukaryota;Animals;Fishes,695.907,0,0,0,2
Xenotilapia tenuidentata,Eukaryota;Animals;Fishes,710.603,0,0,0,2
Xiphophorus couchianus,Eukaryota;Animals;Fishes,688.542,24,1,0,1
Xiphophorus hellerii,Eukaryota;Animals;Fishes,732.906,24,1,0,2
Xiphophorus maculatus,Eukaryota;Animals;Fishes,704.321,24,1,0,2
Zeus faber,Eukaryota;Animals;Fishes,610.433,0,0,0,1
Myoxocephalus scorpius,Eukaryota;Animals;Fishes,520.316,0,0,0,1
Neolamprologus toae,Eukaryota;Animals;Fishes,715.709,0,0,0,2
Gekko japonicus,Eukaryota;Animals;Reptiles,2490.27,0,1,0,1
Lacerta agilis,Eukaryota;Animals;Reptiles,1391.41,20,1,0,2
Lacerta bilineata,Eukaryota;Animals;Reptiles,1418.15,0,0,0,1
Paroedura picta,Eukaryota;Animals;Reptiles,1694.16,0,0,0,1
Anolis carolinensis,Eukaryota;Animals;Reptiles,1799.14,13,1,0,1
Aspidoscelis marmoratus,Eukaryota;Animals;Reptiles,1639.53,0,0,0,1
Crotalus horridus,Eukaryota;Animals;Reptiles,1520.33,0,0,0,1
Crotalus pyrrhus,Eukaryota;Animals;Reptiles,1126.79,0,0,0,1
Crotalus viridis,Eukaryota;Animals;Reptiles,1340.2,18,0,0,1
Emydocephalus ijimae,Eukaryota;Animals;Reptiles,1625.2,0,0,0,1
Hydrophis cyanocinctus,Eukaryota;Animals;Reptiles,1389.86,0,0,0,1
Hydrophis hardwickii,Eukaryota;Animals;Reptiles,1296.39,0,0,0,1
Hydrophis melanocephalus,Eukaryota;Animals;Reptiles,1402.64,0,0,0,1
Lacerta viridis,Eukaryota;Animals;Reptiles,1439.84,0,0,0,1
Laticauda colubrina,Eukaryota;Animals;Reptiles,2038.82,0,0,0,2
Laticauda laticaudata,Eukaryota;Animals;Reptiles,1558.71,0,0,0,1
Naja naja,Eukaryota;Animals;Reptiles,1768.54,19,0,0,1
Notechis scutatus,Eukaryota;Animals;Reptiles,1665.53,0,0,0,2
Ophiophagus hannah,Eukaryota;Animals;Reptiles,1594.07,0,0,0,1
Pantherophis guttatus,Eukaryota;Animals;Reptiles,1706.96,0,0,0,1
Pantherophis obsoletus,Eukaryota;Animals;Reptiles,1692.46,0,0,0,1
Podarcis muralis,Eukaryota;Animals;Reptiles,1511.02,19,1,0,2
Pogona vitticeps,Eukaryota;Animals;Reptiles,1716.68,0,0,0,1
Protobothrops flavoviridis,Eukaryota;Animals;Reptiles,1413.2,0,0,0,1
Protobothrops mucrosquamatus,Eukaryota;Animals;Reptiles,1673.88,0,1,0,1
Pseudonaja textilis,Eukaryota;Animals;Reptiles,1590.04,0,0,0,2
Ptyas mucosa,Eukaryota;Animals;Reptiles,1721.47,0,0,0,1
Python bivittatus,Eukaryota;Animals;Reptiles,1435.05,0,1,0,1
Salvator merianae,Eukaryota;Animals;Reptiles,2068.17,0,0,0,1
Thamnophis elegans,Eukaryota;Animals;Reptiles,1672.19,18,0,0,2
Thamnophis sirtalis,Eukaryota;Animals;Reptiles,1424.9,0,0,0,1
Thermophis baileyi,Eukaryota;Animals;Reptiles,1747.68,0,0,0,1
Varanus komodoensis,Eukaryota;Animals;Reptiles,1507.95,0,0,0,2
Vipera berus,Eukaryota;Animals;Reptiles,1532.39,0,0,0,1
Zootoca vivipara,Eukaryota;Animals;Reptiles,1464.3,19,1,0,1
Podocnemis expansa,Eukaryota;Animals;Reptiles,2447.09,0,0,0,1
Actinemys marmorata,Eukaryota;Animals;Reptiles,2388.73,0,0,0,1
Apalone spinifera,Eukaryota;Animals;Reptiles,1931.08,0,0,0,1
Carettochelys insculpta,Eukaryota;Animals;Reptiles,2356.57,0,0,0,1
Chelonia mydas,Eukaryota;Animals;Reptiles,2134.59,28,1,0,3
Chelonoidis abingdonii,Eukaryota;Animals;Reptiles,2300.74,0,0,0,1
Chelydra serpentina,Eukaryota;Animals;Reptiles,2401.36,0,0,0,1
Chrysemys picta,Eukaryota;Animals;Reptiles,2365.77,18,1,0,2
Cuora amboinensis,Eukaryota;Animals;Reptiles,2214.83,0,0,0,1
Cuora mccordi,Eukaryota;Animals;Reptiles,2390.37,0,0,0,1
Dermatemys mawii,Eukaryota;Animals;Reptiles,1866.98,0,0,0,1
Dermochelys coriacea,Eukaryota;Animals;Reptiles,2164.76,28,1,0,3
Emydura subglobosa,Eukaryota;Animals;Reptiles,1986.7,0,0,0,1
Gopherus agassizii,Eukaryota;Animals;Reptiles,2184.97,0,0,0,1
Gopherus evgoodei,Eukaryota;Animals;Reptiles,2298.56,24,1,0,2
Malaclemys terrapin,Eukaryota;Animals;Reptiles,2439.75,0,1,0,1
Mauremys reevesii,Eukaryota;Animals;Reptiles,0,0,0,0,0
Mesoclemmys tuberculata,Eukaryota;Animals;Reptiles,2027.51,0,0,0,1
Pelodiscus sinensis,Eukaryota;Animals;Reptiles,2202.48,0,1,0,1
Pelusios castaneus,Eukaryota;Animals;Reptiles,2044.28,0,0,0,1
Platysternon megacephalum,Eukaryota;Animals;Reptiles,2319.09,0,0,0,1
Terrapene carolina,Eukaryota;Animals;Reptiles,2571.27,0,0,0,1
Trachemys scripta,Eukaryota;Animals;Reptiles,2126.2,25,1,0,1